ID,種類,地域,市区町村コード,都道府県名,市区町村名,地区名,最寄駅：名称,最寄駅：距離（分）,間取り,面積（㎡）,土地の形状,間口,延床面積（㎡）,建築年,建物の構造,用途,今後の利用目的,前面道路：方位,前面道路：種類,前面道路：幅員（ｍ）,都市計画,建ぺい率（％）,容積率（％）,取引時点,改装,取引の事情等,取引価格（総額）_log
5026716,中古マンション等,,5201,秋田県,秋田市,手形,秋田,4,３ＬＤＫ,70,,,,平成19年,ＲＣ,住宅,,,,,商業地域,80.0,400.0,2009年第３四半期,未改装,,7.3222192947339195
5002259,中古マンション等,,5201,秋田県,秋田市,千秋矢留町,秋田,20,４ＬＤＫ,85,,,,平成9年,ＳＲＣ,住宅,,,,,商業地域,80.0,400.0,2019年第１四半期,改装済,,7.113943352306837
5002248,中古マンション等,,5201,秋田県,秋田市,千秋明徳町,秋田,15,３ＬＤＫ,75,,,,平成19年,ＲＣ,住宅,住宅,,,,商業地域,80.0,400.0,2018年第１四半期,未改装,,7.380211241711606
5000749,中古マンション等,,5201,秋田県,秋田市,泉南,秋田,30分?60分,４ＬＤＫ,90,,,,平成15年,ＲＣ,住宅,住宅,,,,第２種中高層住居専用地域,60.0,200.0,2019年第２四半期,未改装,,7.301029995663981
5003875,中古マンション等,,5201,秋田県,秋田市,広面,秋田,30分?60分,２ＬＤＫ,55,,,,平成19年,ＲＣ,住宅,住宅,,,,近隣商業地域,80.0,200.0,2017年第２四半期,未改装,調停・競売等,7.079181246047625
5001904,中古マンション等,,5201,秋田県,秋田市,山王沼田町,秋田,30分?60分,４ＬＤＫ,95,,,,平成16年,ＲＣ,住宅,住宅,,,,第１種住居地域,60.0,200.0,2018年第２四半期,未改装,,7.342422680822207
5017733,中古マンション等,,5201,秋田県,秋田市,中通,秋田,16,１Ｋ,15,,,,昭和55年,ＳＲＣ,住宅,,,,,商業地域,80.0,500.0,2010年第２四半期,,,6.041392685158225
5022651,中古マンション等,,5201,秋田県,秋田市,千秋矢留町,秋田,20,２ＬＤＫ,50,,,,昭和64年,ＳＲＣ,住宅,,,,,商業地域,80.0,400.0,2013年第３四半期,未改装,,6.544068044350276
5019395,中古マンション等,,5201,秋田県,秋田市,千秋矢留町,秋田,20,１Ｋ,15,,,,昭和63年,ＳＲＣ,住宅,,,,,商業地域,80.0,400.0,2011年第３四半期,未改装,調停・競売等,6.0
5001054,中古マンション等,,5201,秋田県,秋田市,大町,秋田,19,３ＬＤＫ,75,,,,平成14年,ＳＲＣ,住宅,住宅,,,,商業地域,80.0,500.0,2018年第１四半期,未改装,,7.204119982655925
5018978,中古マンション等,,5201,秋田県,秋田市,八橋大畑,秋田,30分?60分,４ＬＤＫ,95,,,,平成19年,ＲＣ,住宅,,,,,準工業地域,60.0,200.0,2010年第３四半期,未改装,,7.342422680822207
5016263,中古マンション等,,5201,秋田県,秋田市,千秋矢留町,秋田,18,３ＬＤＫ,75,,,,昭和64年,ＳＲＣ,住宅,,,,,商業地域,80.0,400.0,2010年第１四半期,改装済,,6.977723605288848
5025993,中古マンション等,,5201,秋田県,秋田市,広面,秋田,30分?60分,４ＬＤＫ,85,,,,平成19年,ＲＣ,住宅,,,,,近隣商業地域,80.0,200.0,2008年第４四半期,未改装,,7.3979400086720375
5026730,中古マンション等,,5201,秋田県,秋田市,手形,秋田,4,３ＬＤＫ,70,,,,平成19年,ＲＣ,住宅,,,,,商業地域,80.0,400.0,2009年第１四半期,改装済,,7.342422680822207
5023760,中古マンション等,,5201,秋田県,秋田市,千秋矢留町,秋田,17,３ＬＤＫ,65,,,,昭和64年,ＳＲＣ,住宅,,,,,商業地域,80.0,400.0,2007年第２四半期,改装済,,7.041392685158225
5003252,中古マンション等,,5201,秋田県,秋田市,中通,秋田,12,３ＬＤＫ,80,,,,昭和61年,ＳＲＣ,住宅,住宅,,,,商業地域,80.0,500.0,2015年第４四半期,未改装,,6.819543935541868
5020047,中古マンション等,,5201,秋田県,秋田市,中通,秋田,14,３ＬＤＫ,70,,,,昭和64年,ＳＲＣ,住宅,,,,,商業地域,80.0,500.0,2011年第４四半期,未改装,,6.8750612633917
5015320,中古マンション等,,5201,秋田県,秋田市,千秋矢留町,秋田,15,２ＬＤＫ,60,,,,昭和62年,ＳＲＣ,住宅,住宅,,,,商業地域,80.0,400.0,2014年第４四半期,改装済,,7.113943352306837
5017820,中古マンション等,,5201,秋田県,秋田市,広面,秋田,30分?60分,２ＬＤＫ,60,,,,平成19年,ＲＣ,住宅,,,,,近隣商業地域,80.0,200.0,2014年第１四半期,改装済,,7.230448921378274
5018244,中古マンション等,,5201,秋田県,秋田市,八橋大畑,秋田,30分?60分,４ＬＤＫ,70,,,,平成4年,ＲＣ,住宅,住宅,,,,準工業地域,60.0,200.0,2014年第１四半期,未改装,,6.8512583487190755
5014440,中古マンション等,,5201,秋田県,秋田市,大町,秋田,20,２ＬＤＫ,50,,,,平成2年,ＳＲＣ,住宅,,,,,商業地域,80.0,400.0,2010年第４四半期,改装済,,6.8512583487190755
5014438,中古マンション等,,5201,秋田県,秋田市,大町,秋田,23,１ＬＤＫ,55,,,,昭和64年,ＳＲＣ,住宅,,,,,商業地域,80.0,400.0,2010年第４四半期,改装済,,6.845098040014257
5001048,中古マンション等,,5201,秋田県,秋田市,大町,秋田,23,３ＬＤＫ,75,,,,平成9年,ＳＲＣ,,その他,,,,商業地域,80.0,400.0,2018年第２四半期,未改装,,7.176091259055681
5023354,中古マンション等,,5201,秋田県,秋田市,中通,秋田,6,３ＬＤＫ,70,,,,平成20年,ＳＲＣ,住宅,,,,,商業地域,80.0,500.0,2012年第２四半期,改装済,,7.342422680822207
5020057,中古マンション等,,5201,秋田県,秋田市,中通,秋田,14,３ＬＤＫ,75,,,,平成14年,ＳＲＣ,住宅,,,,,商業地域,80.0,500.0,2011年第３四半期,未改装,,7.176091259055681
5027184,中古マンション等,,5201,秋田県,秋田市,中通,秋田,16,１Ｋ,15,,,,昭和55年,ＳＲＣ,住宅,,,,,商業地域,80.0,500.0,2009年第３四半期,未改装,,6.079181246047625
5001825,中古マンション等,,5201,秋田県,秋田市,山王,秋田,30分?60分,４ＬＤＫ,90,,,,平成14年,ＳＲＣ,,住宅,,,,商業地域,80.0,500.0,2018年第１四半期,未改装,,7.361727836017593
5020538,中古マンション等,,5201,秋田県,秋田市,大町,秋田,20,４ＬＤＫ,65,,,,平成2年,ＳＲＣ,住宅,,,,,商業地域,80.0,400.0,2012年第４四半期,未改装,,6.949390006644912
5022029,中古マンション等,,5201,秋田県,秋田市,千秋矢留町,秋田,20,３ＬＤＫ,65,,,,昭和64年,ＳＲＣ,住宅,,,,,商業地域,80.0,400.0,2012年第１四半期,未改装,調停・競売等,6.785329835010767
5019788,中古マンション等,,5203,秋田県,横手市,駅前町,横手,3,３ＬＤＫ,70,,,,平成22年,ＲＣ,住宅,,,,,商業地域,80.0,400.0,2010年第１四半期,,,7.342422680822207
5021890,中古マンション等,,5201,秋田県,秋田市,大町,秋田,23,３ＬＤＫ,65,,,,昭和64年,ＳＲＣ,住宅,,,,,商業地域,80.0,400.0,2008年第１四半期,改装済,,7.079181246047625
5004096,中古マンション等,,5201,秋田県,秋田市,南通築地,秋田,8,３ＬＤＫ,70,,,,平成2年,ＳＲＣ,住宅,住宅,,,,商業地域,80.0,400.0,2016年第１四半期,未改装,,7.079181246047625
5024489,中古マンション等,,5201,秋田県,秋田市,南通築地,秋田,9,２ＬＤＫ,75,,,,平成2年,ＳＲＣ,住宅,,,,,商業地域,80.0,400.0,2012年第１四半期,改装済,,6.897627091290442
5017723,中古マンション等,,5201,秋田県,秋田市,中通,秋田,14,４ＬＤＫ,80,,,,平成13年,ＳＲＣ,住宅,,,,,商業地域,80.0,400.0,2010年第３四半期,未改装,,7.278753600952829
5024061,中古マンション等,,5201,秋田県,秋田市,中通,秋田,16,１ＬＤＫ,35,,,,昭和55年,ＳＲＣ,住宅,,,,,商業地域,80.0,500.0,2013年第２四半期,改装済,,6.568201724066995
5002298,中古マンション等,,5201,秋田県,秋田市,千秋矢留町,秋田,21,２ＬＤＫ,65,,,,平成19年,ＲＣ,住宅,住宅,,,,商業地域,80.0,400.0,2015年第２四半期,未改装,,7.3222192947339195
5003254,中古マンション等,,5201,秋田県,秋田市,中通,秋田,9,２ＬＤＫ,60,,,,平成14年,ＳＲＣ,住宅,住宅,,,,商業地域,80.0,400.0,2015年第３四半期,未改装,,7.146128035678238
5001075,中古マンション等,,5201,秋田県,秋田市,大町,秋田,23,３ＬＤＫ,60,,,,平成9年,ＳＲＣ,住宅,住宅,,,,商業地域,80.0,400.0,2016年第１四半期,改装済,,7.230448921378274
5025699,中古マンション等,,5201,秋田県,秋田市,千秋矢留町,秋田,18,１Ｋ,15,,,,昭和63年,ＳＲＣ,住宅,,,,,商業地域,80.0,400.0,2009年第１四半期,未改装,,6.146128035678238
5014443,中古マンション等,,5201,秋田県,秋田市,大町,秋田,24,２ＬＤＫ,50,,,,平成2年,ＲＣ,住宅,,,,,商業地域,80.0,400.0,2010年第３四半期,未改装,,6.5910646070264995
5016690,中古マンション等,,5201,秋田県,秋田市,中通,秋田,14,２ＬＤＫ,45,,,,昭和63年,ＳＲＣ,住宅,,,,,商業地域,80.0,400.0,2014年第１四半期,改装済,,6.832508912706237
5003163,中古マンション等,,5201,秋田県,秋田市,中通,秋田,13,２ＬＤＫ,65,,,,平成15年,ＲＣ,住宅,住宅,,,,商業地域,80.0,600.0,2019年第３四半期,未改装,,7.361727836017593
5000641,中古マンション等,,5201,秋田県,秋田市,泉北,秋田,30分?60分,３ＬＤＫ,65,,,,平成10年,ＳＲＣ,住宅,住宅,,,,準工業地域,60.0,200.0,2015年第１四半期,未改装,,6.954242509439325
5002286,中古マンション等,,5201,秋田県,秋田市,千秋矢留町,秋田,19,３ＬＤＫ,75,,,,昭和62年,ＳＲＣ,住宅,住宅,,,,商業地域,80.0,400.0,2015年第４四半期,改装済,,7.079181246047625
5017747,中古マンション等,,5201,秋田県,秋田市,中通,秋田,14,４ＬＤＫ,85,,,,平成14年,ＳＲＣ,住宅,,,,,商業地域,80.0,500.0,2010年第２四半期,未改装,調停・競売等,7.146128035678238
5017824,中古マンション等,,5201,秋田県,秋田市,広面,秋田,30分?60分,１ＬＤＫ,60,,,,平成12年,ＲＣ,住宅,,,,,近隣商業地域,80.0,200.0,2014年第１四半期,未改装,,7.176091259055681
5002892,中古マンション等,,5201,秋田県,秋田市,手形,秋田,4,３ＬＤＫ,70,,,,平成19年,ＲＣ,住宅,住宅,,,,商業地域,80.0,400.0,2015年第４四半期,未改装,,7.3979400086720375
5003170,中古マンション等,,5201,秋田県,秋田市,中通,秋田,13,３ＬＤＫ,65,,,,平成15年,ＲＣ,,住宅,,,,商業地域,80.0,600.0,2019年第２四半期,未改装,,7.380211241711606
5023159,中古マンション等,,5201,秋田県,秋田市,山王,秋田,30分?60分,１ＤＫ,30,,,,平成3年,ＳＲＣ,住宅,,,,,商業地域,80.0,400.0,2008年第３四半期,未改装,,6.57978359661681
5002282,中古マンション等,,5201,秋田県,秋田市,千秋矢留町,秋田,15,１Ｋ,15,,,,昭和63年,ＳＲＣ,住宅,住宅,,,,商業地域,80.0,400.0,2016年第１四半期,改装済,,6.113943352306837
5003192,中古マンション等,,5201,秋田県,秋田市,中通,秋田,13,２ＬＤＫ,65,,,,平成15年,ＲＣ,住宅,住宅,,,,商業地域,80.0,600.0,2018年第１四半期,改装済,,7.278753600952829
5003225,中古マンション等,,5201,秋田県,秋田市,中通,秋田,8,４ＬＤＫ,80,,,,平成20年,ＳＲＣ,住宅,住宅,,,,商業地域,80.0,400.0,2016年第４四半期,未改装,,7.447158031342219
5019114,中古マンション等,,5201,秋田県,秋田市,山王,秋田,30分?60分,１ＬＤＫ,35,,,,昭和61年,ＲＣ,住宅,,,,,商業地域,80.0,400.0,2011年第４四半期,改装済,,6.623249290397901
5001814,中古マンション等,,5201,秋田県,秋田市,山王,秋田,30分?60分,１ＤＫ,35,,,,平成2年,ＳＲＣ,住宅,住宅,,,,商業地域,80.0,500.0,2018年第３四半期,未改装,,6.812913356642856
5000591,中古マンション等,,5201,秋田県,秋田市,泉,秋田,30分?60分,１ＬＤＫ,40,,,,平成20年,ＲＣ,住宅,住宅,,,,準工業地域,60.0,200.0,2015年第１四半期,未改装,,7.079181246047625
5025095,中古マンション等,,5201,秋田県,秋田市,中通,秋田,9,３ＬＤＫ,80,,,,昭和61年,ＳＲＣ,住宅,,,,,商業地域,80.0,500.0,2008年第３四半期,未改装,,6.991226075692495
5003168,中古マンション等,,5201,秋田県,秋田市,中通,秋田,12,２ＬＤＫ,55,,,,昭和63年,ＳＲＣ,住宅,住宅,,,,商業地域,80.0,600.0,2019年第２四半期,未改装,,6.698970004336019
5028545,中古マンション等,,5201,秋田県,秋田市,八橋大畑,秋田,30分?60分,３ＬＤＫ,80,,,,平成19年,ＲＣ,住宅,,,,,準工業地域,60.0,200.0,2009年第１四半期,未改装,,7.3222192947339195
5023921,中古マンション等,,5201,秋田県,秋田市,大町,秋田,20,４ＬＤＫ,90,,,,平成14年,ＳＲＣ,住宅,,,,,商業地域,80.0,500.0,2009年第４四半期,未改装,,7.2552725051033065
5019398,中古マンション等,,5201,秋田県,秋田市,千秋矢留町,秋田,18,３ＬＤＫ,65,,,,昭和64年,ＳＲＣ,住宅,,,,,商業地域,80.0,400.0,2011年第２四半期,未改装,,6.944482672150168
5016951,中古マンション等,,5201,秋田県,秋田市,土崎港中央,,,２ＬＤＫ,45,,,,昭和63年,鉄骨造,住宅,,,,,,,,2010年第２四半期,未改装,,6.544068044350276
5023155,中古マンション等,,5201,秋田県,秋田市,山王,秋田,30分?60分,３ＬＤＫ,75,,,,平成16年,ＲＣ,住宅,,,,,商業地域,80.0,400.0,2008年第４四半期,未改装,,7.2552725051033065
5003233,中古マンション等,,5201,秋田県,秋田市,中通,秋田,12,３ＬＤＫ,70,,,,平成15年,ＳＲＣ,住宅,住宅,,,,商業地域,80.0,400.0,2016年第２四半期,未改装,,7.204119982655925
5021014,中古マンション等,,5201,秋田県,秋田市,旭南,秋田,30分?60分,３ＬＤＫ,80,,,,平成18年,ＲＣ,住宅,,,,,準工業地域,60.0,200.0,2012年第４四半期,未改装,,7.278753600952829
5022088,中古マンション等,,5201,秋田県,秋田市,山王,秋田,30分?60分,１Ｋ,20,,,,平成5年,ＳＲＣ,住宅,,,,,商業地域,80.0,400.0,2013年第２四半期,未改装,,6.301029995663981
5003251,中古マンション等,,5201,秋田県,秋田市,中通,秋田,16,１Ｒ,15,,,,昭和55年,ＳＲＣ,住宅,住宅,,,,商業地域,80.0,500.0,2015年第４四半期,未改装,,5.477121254719663
5016684,中古マンション等,,5201,秋田県,秋田市,中通,秋田,14,１ＤＫ,45,,,,昭和63年,ＳＲＣ,住宅,住宅,,,,商業地域,80.0,400.0,2014年第３四半期,改装済,,6.812913356642856
5023759,中古マンション等,,5201,秋田県,秋田市,千秋矢留町,秋田,18,１Ｋ,15,,,,昭和63年,ＳＲＣ,住宅,,,,,商業地域,80.0,400.0,2007年第２四半期,未改装,,6.361727836017593
5003255,中古マンション等,,5201,秋田県,秋田市,中通,秋田,14,２ＤＫ＋Ｓ,45,,,,昭和64年,ＳＲＣ,住宅,住宅,,,,商業地域,80.0,500.0,2015年第３四半期,改装済,,6.880813592280791
5026726,中古マンション等,,5201,秋田県,秋田市,手形,秋田,4,３ＬＤＫ,70,,,,平成19年,ＲＣ,住宅,,,,,商業地域,80.0,400.0,2009年第２四半期,未改装,,7.342422680822207
5003747,中古マンション等,,5201,秋田県,秋田市,東通仲町,秋田,10,１Ｋ,25,,,,昭和62年,鉄骨造,,住宅,,,,第２種住居地域,60.0,200.0,2018年第１四半期,未改装,,6.57978359661681
5023184,中古マンション等,,5201,秋田県,秋田市,山王,秋田,30分?60分,１ＤＫ,30,,,,昭和61年,ＲＣ,住宅,,,,,商業地域,80.0,500.0,2007年第３四半期,改装済,,6.6020599913279625
5023334,中古マンション等,,5201,秋田県,秋田市,中通,秋田,14,１ＤＫ,25,,,,昭和63年,ＳＲＣ,住宅,,,,,商業地域,80.0,400.0,2012年第４四半期,未改装,,6.544068044350276
5004078,中古マンション等,,5201,秋田県,秋田市,南通築地,秋田,9,２ＤＫ,55,,,,平成2年,ＳＲＣ,住宅,住宅,,,,商業地域,80.0,400.0,2019年第４四半期,改装済,,6.8750612633917
5016664,中古マンション等,,5201,秋田県,秋田市,中通,秋田,6,３ＬＤＫ,60,,,,昭和64年,ＳＲＣ,住宅,住宅,,,,商業地域,80.0,400.0,2014年第４四半期,未改装,,6.9344984512435675
5017822,中古マンション等,,5201,秋田県,秋田市,広面,秋田,30分?60分,２ＬＤＫ,65,,,,平成21年,ＲＣ,住宅,,,,,第１種住居地域,60.0,200.0,2014年第１四半期,未改装,,7.301029995663981
5024037,中古マンション等,,5201,秋田県,秋田市,中通,秋田,14,２ＬＤＫ,60,,,,昭和64年,ＳＲＣ,住宅,,,,,商業地域,80.0,500.0,2013年第４四半期,未改装,,6.886490725172482
5025098,中古マンション等,,5201,秋田県,秋田市,中通,秋田,11,１ＬＤＫ＋Ｓ,50,,,,平成15年,ＲＣ,住宅,,,,,商業地域,80.0,600.0,2008年第２四半期,未改装,,7.113943352306837
5002291,中古マンション等,,5201,秋田県,秋田市,千秋矢留町,秋田,18,２ＬＤＫ,65,,,,昭和62年,ＲＣ,住宅,住宅,,,,商業地域,80.0,400.0,2015年第３四半期,改装済,,6.892094602690481
5001835,中古マンション等,,5201,秋田県,秋田市,山王,秋田,30分?60分,２ＤＫ,40,,,,平成5年,ＳＲＣ,住宅,住宅,,,,商業地域,80.0,400.0,2017年第１四半期,未改装,,6.643452676486188
5004077,中古マンション等,,5201,秋田県,秋田市,南通築地,秋田,9,２ＬＤＫ,50,,,,平成3年,ＳＲＣ,住宅,住宅,,,,商業地域,80.0,400.0,2019年第４四半期,改装済,,7.0
5024250,中古マンション等,,5201,秋田県,秋田市,広面,秋田,30分?60分,４ＬＤＫ,85,,,,平成19年,ＲＣ,住宅,,,,,近隣商業地域,80.0,200.0,2012年第４四半期,未改装,,7.3979400086720375
5013109,中古マンション等,,5201,秋田県,秋田市,泉南,秋田,30分?60分,４ＬＤＫ,90,,,,平成15年,ＲＣ,住宅,住宅,,,,第２種中高層住居専用地域,60.0,200.0,2014年第２四半期,未改装,,7.342422680822207
5022551,中古マンション等,,5201,秋田県,秋田市,千秋明徳町,秋田,15,３ＬＤＫ,80,,,,平成19年,ＲＣ,住宅,,,,,商業地域,80.0,400.0,2013年第３四半期,未改装,,7.380211241711606
5001018,中古マンション等,,5201,秋田県,秋田市,大町,秋田,23,３ＬＤＫ,75,,,,平成9年,ＳＲＣ,住宅,住宅,,,,商業地域,80.0,400.0,2019年第４四半期,未改装,,7.230448921378274
5026002,中古マンション等,,5201,秋田県,秋田市,広面,秋田,30分?60分,３ＬＤＫ,70,,,,平成19年,ＲＣ,住宅,,,,,近隣商業地域,80.0,200.0,2008年第４四半期,未改装,,7.380211241711606
5023570,中古マンション等,,5201,秋田県,秋田市,手形,秋田,10,３ＬＤＫ,75,,,,平成18年,ＲＣ,住宅,,,,,第２種中高層住居専用地域,60.0,200.0,2013年第１四半期,未改装,,7.361727836017593
5027187,中古マンション等,,5201,秋田県,秋田市,中通,秋田,14,３ＬＤＫ,85,,,,平成19年,ＲＣ,住宅,,,,,商業地域,80.0,400.0,2009年第３四半期,未改装,,7.361727836017593
5003186,中古マンション等,,5201,秋田県,秋田市,中通,秋田,12,４ＬＤＫ,85,,,,平成15年,ＳＲＣ,住宅,住宅,,,,商業地域,80.0,400.0,2018年第２四半期,未改装,,7.380211241711606
5003208,中古マンション等,,5201,秋田県,秋田市,中通,秋田,10,２ＬＤＫ,55,,,,平成9年,ＳＲＣ,住宅,住宅,,,,商業地域,80.0,500.0,2017年第２四半期,改装済,,7.041392685158225
5001464,中古マンション等,,5201,秋田県,秋田市,川元山下町,秋田,30分?60分,３ＬＤＫ,70,,,,平成2年,ＲＣ,住宅,住宅,,,,第１種住居地域,60.0,200.0,2017年第２四半期,未改装,,6.7923916894982534
5023745,中古マンション等,,5201,秋田県,秋田市,千秋矢留町,秋田,18,１Ｒ,15,,,,昭和63年,ＳＲＣ,住宅,,,,,商業地域,80.0,400.0,2008年第２四半期,未改装,,6.3979400086720375
5023330,中古マンション等,,5201,秋田県,秋田市,中通,秋田,14,１ＤＫ＋Ｓ,45,,,,昭和63年,ＳＲＣ,住宅,,,,,商業地域,80.0,400.0,2012年第４四半期,改装済,,6.7923916894982534
5024081,中古マンション等,,5201,秋田県,秋田市,東通仲町,秋田,10,１Ｋ,25,,,,昭和62年,鉄骨造,住宅,,,,,第２種住居地域,60.0,200.0,2012年第１四半期,未改装,,6.204119982655925
5016816,中古マンション等,,5201,秋田県,秋田市,楢山登町,秋田,26,４ＬＤＫ,90,,,,平成14年,ＲＣ,住宅,住宅,,,,近隣商業地域,80.0,200.0,2014年第３四半期,未改装,,7.342422680822207
5001073,中古マンション等,,5201,秋田県,秋田市,大町,秋田,20,４ＬＤＫ,65,,,,平成2年,ＳＲＣ,住宅,住宅,,,,商業地域,80.0,400.0,2016年第３四半期,改装済,,7.176091259055681
5020048,中古マンション等,,5201,秋田県,秋田市,中通,秋田,10,２ＬＤＫ,55,,,,平成9年,ＳＲＣ,住宅,,,,,商業地域,80.0,500.0,2011年第４四半期,未改装,,6.929418925714293
5017773,中古マンション等,,5201,秋田県,秋田市,中通,秋田,11,２ＬＤＫ,55,,,,昭和61年,ＳＲＣ,住宅,,,,,商業地域,80.0,500.0,2010年第１四半期,未改装,,6.778151250383644
5002297,中古マンション等,,5201,秋田県,秋田市,千秋矢留町,秋田,19,３ＬＤＫ,80,,,,平成20年,ＳＲＣ,住宅,住宅,,,,商業地域,80.0,400.0,2015年第２四半期,未改装,,7.342422680822207
5000682,中古マンション等,,5201,秋田県,秋田市,泉中央,秋田,30分?60分,３ＬＤＫ,70,,,,平成18年,ＲＣ,住宅,住宅,,,,第１種住居地域,60.0,200.0,2018年第３四半期,未改装,,7.3222192947339195
5001804,中古マンション等,,5201,秋田県,秋田市,山王,秋田,30分?60分,２ＤＫ,50,,,,昭和61年,ＲＣ,住宅,住宅,,,,商業地域,80.0,400.0,2019年第１四半期,未改装,,6.732393759822968
5020079,中古マンション等,,5201,秋田県,秋田市,中通,秋田,11,３ＬＤＫ,65,,,,平成15年,ＲＣ,住宅,,,,,商業地域,80.0,600.0,2011年第１四半期,,,7.146128035678238
5021487,中古マンション等,,5201,秋田県,秋田市,山王,秋田,30分?60分,１Ｋ,20,,,,平成5年,ＳＲＣ,住宅,,,,,商業地域,80.0,400.0,2012年第２四半期,未改装,,6.380211241711606
5021939,中古マンション等,,5201,秋田県,秋田市,千秋明徳町,秋田,15,２ＬＤＫ,65,,,,平成19年,ＲＣ,住宅,,,,,商業地域,80.0,400.0,2012年第２四半期,未改装,,7.176091259055681
5017718,中古マンション等,,5201,秋田県,秋田市,中通,秋田,6,２ＬＤＫ,45,,,,昭和64年,ＳＲＣ,住宅,,,,,商業地域,80.0,400.0,2010年第３四半期,未改装,,6.7558748556724915
5023373,中古マンション等,,5201,秋田県,秋田市,中通,秋田,18,１Ｋ,15,,,,昭和59年,ＳＲＣ,住宅,,,,,商業地域,80.0,500.0,2012年第１四半期,未改装,,5.8750612633917
5000614,中古マンション等,,5201,秋田県,秋田市,泉北,秋田,30分?60分,３ＬＤＫ,75,,,,平成10年,ＳＲＣ,住宅,住宅,,,,準工業地域,60.0,200.0,2019年第４四半期,未改装,,7.146128035678238
5028395,中古マンション等,,5201,秋田県,秋田市,南通宮田,秋田,16,２ＤＫ,45,,,,平成3年,ＲＣ,住宅,,,,,第１種中高層住居専用地域,60.0,200.0,2009年第４四半期,改装済,,6.681241237375588
5004103,中古マンション等,,5201,秋田県,秋田市,南通築地,秋田,14,１ＤＫ,20,,,,平成2年,ＲＣ,住宅,住宅,,,,第１種住居地域,60.0,200.0,2015年第１四半期,未改装,,6.278753600952829
5003199,中古マンション等,,5201,秋田県,秋田市,中通,秋田,13,２ＬＤＫ,65,,,,平成15年,ＲＣ,住宅,住宅,,,,商業地域,80.0,600.0,2017年第４四半期,改装済,,7.342422680822207
5002303,中古マンション等,,5201,秋田県,秋田市,千秋矢留町,秋田,19,３ＬＤＫ,70,,,,平成3年,ＳＲＣ,住宅,住宅,,,,商業地域,80.0,400.0,2015年第１四半期,未改装,,7.041392685158225
5003177,中古マンション等,,5201,秋田県,秋田市,中通,秋田,10,３ＬＤＫ,65,,,,平成9年,ＳＲＣ,住宅,住宅,,,,商業地域,80.0,500.0,2018年第４四半期,未改装,,6.991226075692495
5028152,中古マンション等,,5201,秋田県,秋田市,広面,秋田,30分?60分,２ＬＤＫ,60,,,,平成19年,ＲＣ,住宅,,,,,近隣商業地域,80.0,200.0,2009年第２四半期,未改装,調停・競売等,7.079181246047625
5014461,中古マンション等,,5201,秋田県,秋田市,大町,秋田,25,４Ｌ＋Ｋ,75,,,,平成9年,ＳＲＣ,住宅,,,,,商業地域,80.0,400.0,2010年第１四半期,未改装,調停・競売等,6.681241237375588
5012603,中古マンション等,,5201,秋田県,秋田市,新屋豊町,秋田,30分?60分,３ＬＤＫ,85,,,,平成13年,ＲＣ,住宅,,,,,準工業地域,60.0,200.0,2014年第１四半期,未改装,,7.204119982655925
5028540,中古マンション等,,5201,秋田県,秋田市,八橋大畑,秋田,30分?60分,４ＬＤＫ,95,,,,平成19年,ＲＣ,住宅,,,,,準工業地域,60.0,200.0,2009年第４四半期,未改装,,7.3979400086720375
5003235,中古マンション等,,5201,秋田県,秋田市,中通,秋田,13,２ＬＤＫ,65,,,,昭和63年,ＳＲＣ,住宅,住宅,,,,商業地域,80.0,600.0,2016年第２四半期,改装済,,6.740362689494244
5014723,中古マンション等,,5201,秋田県,秋田市,山王,秋田,30分?60分,３ＬＤＫ,65,,,,平成16年,ＲＣ,住宅,,,,,商業地域,80.0,400.0,2014年第１四半期,改装済,,7.230448921378274
5023964,中古マンション等,,5201,秋田県,秋田市,大町,秋田,20,３ＬＤＫ,75,,,,昭和62年,ＳＲＣ,住宅,,,,,商業地域,80.0,400.0,2009年第２四半期,未改装,,6.57978359661681
5028382,中古マンション等,,5201,秋田県,秋田市,南通築地,秋田,16,１Ｋ,25,,,,平成2年,ＲＣ,住宅,,,,,第１種住居地域,60.0,200.0,2009年第１四半期,未改装,,6.414973347970818
5024070,中古マンション等,,5201,秋田県,秋田市,中通,秋田,13,１Ｒ,25,,,,昭和49年,ＳＲＣ,住宅,,,,,商業地域,80.0,500.0,2013年第２四半期,未改装,,6.146128035678238
5025130,中古マンション等,,5201,秋田県,秋田市,中通,秋田,9,２ＬＤＫ,55,,,,平成9年,ＳＲＣ,住宅,,,,,商業地域,80.0,500.0,2007年第２四半期,未改装,調停・競売等,6.863322860120456
5003154,中古マンション等,,5201,秋田県,秋田市,中通,秋田,14,３ＬＤＫ,70,,,,平成13年,ＳＲＣ,住宅,住宅,,,,商業地域,80.0,400.0,2019年第４四半期,未改装,,7.230448921378274
5027208,中古マンション等,,5201,秋田県,秋田市,中通,秋田,14,３ＬＤＫ,70,,,,昭和64年,ＳＲＣ,住宅,,,,,商業地域,80.0,500.0,2009年第１四半期,未改装,,6.681241237375588
5027181,中古マンション等,,5201,秋田県,秋田市,中通,秋田,14,２ＬＤＫ,55,,,,昭和63年,ＳＲＣ,住宅,,,,,商業地域,80.0,600.0,2009年第３四半期,未改装,調停・競売等,6.556302500767288
5027174,中古マンション等,,5201,秋田県,秋田市,中通,秋田,13,１ＤＫ,40,,,,昭和61年,ＳＲＣ,住宅,,,,,商業地域,80.0,500.0,2009年第３四半期,改装済,,6.681241237375588
5001807,中古マンション等,,5201,秋田県,秋田市,山王,秋田,30分?60分,１Ｋ,30,,,,平成3年,ＳＲＣ,住宅,その他,,,,商業地域,80.0,400.0,2019年第１四半期,未改装,,6.477121254719663
5001463,中古マンション等,,5201,秋田県,秋田市,川元山下町,秋田,30分?60分,３ＬＤＫ,70,,,,平成2年,ＲＣ,住宅,住宅,,,,第１種住居地域,60.0,200.0,2017年第３四半期,改装済,,7.113943352306837
5015326,中古マンション等,,5201,秋田県,秋田市,千秋矢留町,秋田,15,２ＬＤＫ,65,,,,昭和62年,ＳＲＣ,住宅,住宅,,,,商業地域,80.0,400.0,2014年第２四半期,未改装,,6.812913356642856
5015331,中古マンション等,,5201,秋田県,秋田市,千秋矢留町,秋田,25,４ＬＤＫ,90,,,,昭和64年,ＳＲＣ,住宅,住宅,,,,商業地域,80.0,400.0,2014年第２四半期,未改装,,7.113943352306837
5022673,中古マンション等,,5201,秋田県,秋田市,千秋矢留町,秋田,18,３ＬＤＫ,75,,,,昭和62年,ＲＣ,住宅,,,,,商業地域,80.0,400.0,2013年第１四半期,改装済,,7.113943352306837
5001068,中古マンション等,,5201,秋田県,秋田市,大町,秋田,20,３ＬＤＫ,75,,,,平成14年,ＳＲＣ,住宅,住宅,,,,商業地域,80.0,500.0,2016年第４四半期,未改装,,7.2552725051033065
5025112,中古マンション等,,5201,秋田県,秋田市,中通,秋田,13,４ＬＤＫ,80,,,,昭和61年,ＳＲＣ,住宅,,,,,商業地域,80.0,500.0,2008年第１四半期,改装済,,7.041392685158225
5021038,中古マンション等,,5201,秋田県,秋田市,八橋大畑,秋田,30分?60分,３ＬＤＫ,70,,,,平成4年,ＲＣ,住宅,,,,,準工業地域,60.0,200.0,2011年第３四半期,未改装,,6.7923916894982534
5018887,中古マンション等,,5201,秋田県,秋田市,南通亀の町,秋田,18,２ＬＤＫ,60,,,,昭和63年,ＳＲＣ,住宅,,,,,商業地域,80.0,400.0,2010年第２四半期,,,6.832508912706237
5013568,中古マンション等,,5201,秋田県,秋田市,大町,秋田,21,２ＬＤＫ,80,,,,昭和56年,ＳＲＣ,住宅,,,,,商業地域,80.0,500.0,2014年第４四半期,改装済,,7.380211241711606
5003876,中古マンション等,,5201,秋田県,秋田市,広面,秋田,30分?60分,,65,,,,平成19年,ＲＣ,住宅,住宅,,,,近隣商業地域,80.0,200.0,2017年第２四半期,未改装,,7.301029995663981
5004113,中古マンション等,,5201,秋田県,秋田市,南通宮田,秋田,16,２ＬＤＫ,45,,,,平成3年,ＲＣ,住宅,住宅,,,,第１種中高層住居専用地域,60.0,200.0,2018年第２四半期,未改装,,6.845098040014257
5001815,中古マンション等,,5201,秋田県,秋田市,山王,秋田,30分?60分,１ＤＫ,35,,,,平成2年,ＳＲＣ,住宅,住宅,,,,商業地域,80.0,500.0,2018年第３四半期,改装済,,6.832508912706237
5001794,中古マンション等,,5201,秋田県,秋田市,山王,秋田,30分?60分,１Ｒ,20,,,,平成5年,ＳＲＣ,住宅,住宅,,,,商業地域,80.0,400.0,2019年第３四半期,未改装,,6.0
5023734,中古マンション等,,5201,秋田県,秋田市,千秋矢留町,秋田,16,１Ｋ,15,,,,昭和63年,ＳＲＣ,住宅,,,,,商業地域,80.0,400.0,2008年第４四半期,未改装,,6.278753600952829
5001485,中古マンション等,,5201,秋田県,秋田市,旭南,秋田,30分?60分,２ＬＤＫ,65,,,,平成18年,ＲＣ,住宅,住宅,,,,準工業地域,60.0,200.0,2017年第４四半期,未改装,,7.176091259055681
5018901,中古マンション等,,5201,秋田県,秋田市,南通築地,秋田,9,２ＬＤＫ,50,,,,平成3年,ＳＲＣ,住宅,,,,,商業地域,80.0,400.0,2010年第４四半期,改装済,,6.838849090737256
5021482,中古マンション等,,5201,秋田県,秋田市,山王,秋田,30分?60分,２ＬＤＫ＋Ｓ,65,,,,平成16年,ＲＣ,住宅,,,,,商業地域,80.0,400.0,2012年第２四半期,未改装,,7.204119982655925
5019798,中古マンション等,,5203,秋田県,横手市,駅前町,横手,3,２ＬＤＫ,55,,,,平成22年,ＲＣ,住宅,,,,,商業地域,80.0,400.0,2010年第１四半期,,,7.278753600952829
5022670,中古マンション等,,5201,秋田県,秋田市,千秋矢留町,秋田,18,２ＤＫ,50,,,,昭和62年,ＲＣ,住宅,,,,,商業地域,80.0,400.0,2013年第３四半期,改装済,,6.9344984512435675
5025688,中古マンション等,,5201,秋田県,秋田市,千秋矢留町,秋田,19,３ＬＤＫ,65,,,,昭和62年,ＳＲＣ,住宅,,,,,商業地域,80.0,400.0,2009年第２四半期,未改装,,6.968482948553935
5004049,中古マンション等,,5201,秋田県,秋田市,南通亀の町,秋田,18,３ＬＤＫ,75,,,,昭和63年,ＳＲＣ,住宅,住宅,,,,商業地域,80.0,400.0,2019年第４四半期,未改装,,7.0
5003226,中古マンション等,,5201,秋田県,秋田市,中通,秋田,10,３ＬＤＫ,65,,,,平成9年,ＳＲＣ,住宅,住宅,,,,商業地域,80.0,500.0,2016年第４四半期,未改装,,7.079181246047625
5019790,中古マンション等,,5203,秋田県,横手市,駅前町,横手,3,２ＬＤＫ,55,,,,平成22年,ＲＣ,住宅,,,,,商業地域,80.0,400.0,2010年第１四半期,,,7.2552725051033065
5002255,中古マンション等,,5201,秋田県,秋田市,千秋矢留町,秋田,15,１Ｋ,15,,,,昭和63年,ＳＲＣ,住宅,住宅,,,,商業地域,80.0,400.0,2019年第４四半期,,,6.146128035678238
5003261,中古マンション等,,5201,秋田県,秋田市,中通,秋田,20,２ＬＤＫ＋Ｓ,65,,,,平成2年,ＳＲＣ,住宅,,,,,商業地域,80.0,400.0,2015年第１四半期,改装済,,7.079181246047625
5003175,中古マンション等,,5201,秋田県,秋田市,中通,秋田,10,３ＬＤＫ,65,,,,平成9年,ＳＲＣ,住宅,住宅,,,,商業地域,80.0,500.0,2018年第４四半期,未改装,,6.869231719730976
5027199,中古マンション等,,5201,秋田県,秋田市,中通,秋田,14,３ＬＤＫ,75,,,,平成19年,ＲＣ,住宅,,,,,商業地域,80.0,400.0,2009年第２四半期,未改装,,7.278753600952829
5017998,中古マンション等,,5201,秋田県,秋田市,南通亀の町,秋田,18,２ＬＤＫ,60,,,,昭和63年,ＳＲＣ,住宅,住宅,,,,商業地域,80.0,400.0,2014年第３四半期,,,6.763427993562937
5004114,中古マンション等,,5201,秋田県,秋田市,南通宮田,秋田,16,１ＤＫ＋Ｓ,45,,,,平成3年,ＲＣ,,住宅,,,,第１種中高層住居専用地域,60.0,200.0,2018年第２四半期,未改装,,6.845098040014257
5001865,中古マンション等,,5201,秋田県,秋田市,山王,秋田,30分?60分,２ＬＤＫ,50,,,,平成18年,ＲＣ,住宅,住宅,,,,商業地域,80.0,500.0,2015年第３四半期,未改装,,7.278753600952829
5025145,中古マンション等,,5201,秋田県,秋田市,山王,,,,20,,,,平成5年,ＳＲＣ,住宅,,,,,,,,2009年第２四半期,,,6.278753600952829
5003249,中古マンション等,,5201,秋田県,秋田市,中通,秋田,13,１ＬＤＫ＋Ｓ,50,,,,平成15年,ＲＣ,住宅,住宅,,,,商業地域,80.0,600.0,2015年第４四半期,改装済,,7.113943352306837
5015322,中古マンション等,,5201,秋田県,秋田市,千秋矢留町,秋田,23,２ＬＤＫ,60,,,,平成20年,ＳＲＣ,住宅,住宅,,,,商業地域,80.0,400.0,2014年第３四半期,未改装,,7.301029995663981
5017768,中古マンション等,,5201,秋田県,秋田市,中通,秋田,11,２ＬＤＫ,65,,,,平成15年,ＲＣ,住宅,,,,,商業地域,80.0,600.0,2010年第１四半期,未改装,,7.301029995663981
5020899,中古マンション等,,5201,秋田県,秋田市,南通築地,秋田,9,３ＬＤＫ,70,,,,平成2年,ＳＲＣ,住宅,,,,,商業地域,80.0,400.0,2011年第３四半期,未改装,調停・競売等,6.361727836017593
5021879,中古マンション等,,5201,秋田県,秋田市,大町,秋田,20,４ＬＤＫ,90,,,,平成14年,ＳＲＣ,住宅,,,,,商業地域,80.0,500.0,2008年第４四半期,未改装,,7.301029995663981
5002898,中古マンション等,,5201,秋田県,秋田市,手形,秋田,11,３ＬＤＫ,65,,,,平成18年,ＲＣ,住宅,住宅,,,,第２種中高層住居専用地域,60.0,200.0,2015年第３四半期,未改装,,7.380211241711606
5023536,中古マンション等,,5201,秋田県,秋田市,手形,秋田,6,３ＬＤＫ,90,,,,平成20年,ＲＣ,住宅,,,,,第２種住居地域,60.0,200.0,2013年第４四半期,改装済,,7.491361693834273
5003749,中古マンション等,,5201,秋田県,秋田市,東通仲町,秋田,10,１Ｋ,25,,,,昭和62年,鉄骨造,住宅,住宅,,,,第２種住居地域,60.0,200.0,2016年第３四半期,未改装,,6.204119982655925
5001017,中古マンション等,,5201,秋田県,秋田市,大町,秋田,21,３ＬＤＫ,65,,,,昭和64年,ＳＲＣ,住宅,住宅,,,,商業地域,80.0,400.0,2019年第４四半期,改装済,,6.991226075692495
5023740,中古マンション等,,5201,秋田県,秋田市,千秋矢留町,秋田,18,１Ｒ,15,,,,昭和63年,ＳＲＣ,住宅,,,,,商業地域,80.0,400.0,2008年第２四半期,未改装,,6.278753600952829
5003346,中古マンション等,,5201,秋田県,秋田市,楢山登町,秋田,28,３ＬＤＫ,75,,,,平成14年,ＲＣ,住宅,住宅,,,,近隣商業地域,80.0,200.0,2016年第２四半期,未改装,,7.2552725051033065
5003230,中古マンション等,,5201,秋田県,秋田市,中通,秋田,14,３ＬＤＫ,80,,,,平成19年,ＲＣ,住宅,住宅,,,,商業地域,80.0,400.0,2016年第３四半期,未改装,,7.3222192947339195
5019793,中古マンション等,,5203,秋田県,横手市,駅前町,横手,3,３ＬＤＫ,70,,,,平成22年,ＲＣ,住宅,,,,,商業地域,80.0,400.0,2010年第１四半期,,,7.361727836017593
5017750,中古マンション等,,5201,秋田県,秋田市,中通,秋田,11,３ＬＤＫ,85,,,,平成15年,ＲＣ,住宅,,,,,商業地域,80.0,600.0,2010年第２四半期,改装済,,7.3222192947339195
5025685,中古マンション等,,5201,秋田県,秋田市,千秋矢留町,秋田,24,２ＤＫ,40,,,,平成3年,ＳＲＣ,住宅,,,,,商業地域,80.0,400.0,2009年第３四半期,改装済,,6.653212513775344
5003229,中古マンション等,,5201,秋田県,秋田市,中通,秋田,13,２ＬＤＫ,45,,,,昭和61年,ＳＲＣ,住宅,住宅,,,,商業地域,80.0,500.0,2016年第３四半期,改装済,,6.897627091290442
5002860,中古マンション等,,5201,秋田県,秋田市,手形,秋田,4,４ＬＤＫ,90,,,,平成19年,ＲＣ,住宅,住宅,,,,商業地域,80.0,400.0,2017年第２四半期,未改装,,7.462397997898956
5025122,中古マンション等,,5201,秋田県,秋田市,中通,秋田,14,３ＬＤＫ,70,,,,平成13年,ＳＲＣ,住宅,,,,,商業地域,80.0,400.0,2007年第３四半期,未改装,,7.230448921378274
5003974,中古マンション等,,5201,秋田県,秋田市,保戸野すわ町,秋田,21,３ＬＤＫ,70,,,,平成17年,ＳＲＣ,住宅,住宅,,,,第１種住居地域,60.0,200.0,2015年第１四半期,改装済,,7.342422680822207
5001089,中古マンション等,,5201,秋田県,秋田市,大町,秋田,21,２ＬＤＫ,85,,,,昭和58年,ＳＲＣ,住宅,住宅,,,,商業地域,80.0,500.0,2015年第２四半期,改装済,,7.431363764158987
5004120,中古マンション等,,5201,秋田県,秋田市,南通宮田,秋田,18,３ＬＤＫ,80,,,,平成3年,ＲＣ,住宅,住宅,,,,第１種中高層住居専用地域,60.0,200.0,2016年第２四半期,,,7.0
5001788,中古マンション等,,5201,秋田県,秋田市,山王,秋田,30分?60分,３ＬＤＫ,65,,,,平成16年,ＲＣ,住宅,住宅,,,,商業地域,80.0,400.0,2019年第４四半期,改装済,,7.301029995663981
5001824,中古マンション等,,5201,秋田県,秋田市,山王,秋田,29,１ＬＤＫ＋Ｓ,55,,,,平成2年,ＳＲＣ,住宅,住宅,,,,商業地域,80.0,500.0,2018年第１四半期,未改装,,6.886490725172482
5004051,中古マンション等,,5201,秋田県,秋田市,南通亀の町,秋田,18,３ＬＤＫ,80,,,,昭和63年,ＳＲＣ,住宅,住宅,,,,商業地域,80.0,400.0,2019年第３四半期,改装済,,7.079181246047625
5004065,中古マンション等,,5201,秋田県,秋田市,南通亀の町,秋田,18,３ＤＫ,60,,,,昭和63年,ＳＲＣ,住宅,住宅,,,,商業地域,80.0,400.0,2016年第２四半期,未改装,,6.7923916894982534
5014056,中古マンション等,,5201,秋田県,秋田市,泉南,秋田,30分?60分,３ＬＤＫ,105,,,,平成15年,ＲＣ,住宅,,,,,第２種中高層住居専用地域,60.0,200.0,2010年第４四半期,未改装,,7.342422680822207
5002280,中古マンション等,,5201,秋田県,秋田市,千秋矢留町,秋田,18,２ＬＤＫ,60,,,,昭和62年,ＳＲＣ,住宅,住宅,,,,商業地域,80.0,400.0,2016年第２四半期,改装済,,7.113943352306837
5016040,中古マンション等,,5201,秋田県,秋田市,土崎港南,土崎,30分?60分,３ＬＤＫ,70,,,,平成16年,ＲＣ,住宅,,,,,第１種住居地域,60.0,200.0,2014年第１四半期,未改装,,6.977723605288848
5022660,中古マンション等,,5201,秋田県,秋田市,千秋矢留町,秋田,19,２ＤＫ,40,,,,平成3年,ＳＲＣ,住宅,,,,,商業地域,80.0,400.0,2013年第３四半期,未改装,,6.845098040014257
5002264,中古マンション等,,5201,秋田県,秋田市,千秋矢留町,秋田,18,２ＬＤＫ,60,,,,昭和64年,ＳＲＣ,住宅,住宅,,,,商業地域,80.0,400.0,2018年第１四半期,改装済,,6.863322860120456
5020550,中古マンション等,,5201,秋田県,秋田市,大町,秋田,24,２ＬＤＫ,50,,,,平成2年,ＲＣ,住宅,,,,,商業地域,80.0,400.0,2012年第２四半期,未改装,,6.6127838567197355
5019792,中古マンション等,,5203,秋田県,横手市,駅前町,横手,3,３ＬＤＫ,70,,,,平成22年,ＲＣ,住宅,,,,,商業地域,80.0,400.0,2010年第１四半期,,,7.380211241711606
5023329,中古マンション等,,5201,秋田県,秋田市,中通,秋田,13,２ＬＤＫ,60,,,,昭和64年,ＳＲＣ,住宅,,,,,商業地域,80.0,500.0,2012年第４四半期,改装済,,6.8750612633917
5002285,中古マンション等,,5201,秋田県,秋田市,千秋矢留町,秋田,19,３ＬＤＫ,65,,,,平成20年,ＳＲＣ,住宅,住宅,,,,商業地域,80.0,400.0,2015年第４四半期,未改装,,7.301029995663981
5003746,中古マンション等,,5201,秋田県,秋田市,東通仲町,秋田,10,１Ｋ,25,,,,昭和62年,鉄骨造,,,,,,第２種住居地域,60.0,200.0,2018年第１四半期,未改装,,6.57978359661681
5001027,中古マンション等,,5201,秋田県,秋田市,大町,秋田,18,３ＬＤＫ,75,,,,平成14年,ＳＲＣ,住宅,住宅,,,,商業地域,80.0,500.0,2019年第２四半期,未改装,,7.230448921378274
5023757,中古マンション等,,5201,秋田県,秋田市,千秋矢留町,秋田,18,１Ｋ,15,,,,昭和63年,ＳＲＣ,住宅,,,,,商業地域,80.0,400.0,2007年第２四半期,未改装,,6.3979400086720375
5017725,中古マンション等,,5201,秋田県,秋田市,中通,秋田,11,３ＬＤＫ,95,,,,平成15年,ＲＣ,住宅,,,,,商業地域,80.0,600.0,2010年第３四半期,改装済,,7.477121254719663
5001066,中古マンション等,,5201,秋田県,秋田市,大町,秋田,19,２ＬＤＫ,60,,,,昭和62年,ＳＲＣ,住宅,住宅,,,,商業地域,80.0,400.0,2017年第２四半期,未改装,,6.845098040014257
5020545,中古マンション等,,5201,秋田県,秋田市,大町,秋田,21,２ＬＤＫ,50,,,,昭和64年,ＳＲＣ,住宅,,,,,商業地域,80.0,400.0,2012年第３四半期,未改装,,6.633468455579586
5003256,中古マンション等,,5201,秋田県,秋田市,中通,秋田,13,３ＬＤＫ,70,,,,平成15年,ＲＣ,住宅,住宅,,,,商業地域,80.0,600.0,2015年第３四半期,改装済,,7.301029995663981
5004087,中古マンション等,,5201,秋田県,秋田市,南通築地,秋田,9,１ＬＤＫ,45,,,,平成2年,ＳＲＣ,,住宅,,,,商業地域,80.0,400.0,2017年第４四半期,改装済,,7.113943352306837
5001820,中古マンション等,,5201,秋田県,秋田市,山王,秋田,30分?60分,１Ｋ,20,,,,平成5年,ＳＲＣ,住宅,住宅,,,,商業地域,80.0,400.0,2018年第２四半期,未改装,,6.278753600952829
5025100,中古マンション等,,5201,秋田県,秋田市,中通,秋田,16,１ＤＫ,20,,,,昭和55年,ＳＲＣ,住宅,,,,,商業地域,80.0,500.0,2008年第２四半期,未改装,,6.505149978319906
5022073,中古マンション等,,5201,秋田県,秋田市,山王,秋田,29,１ＤＫ,35,,,,平成2年,ＳＲＣ,住宅,,,,,商業地域,80.0,500.0,2013年第３四半期,未改装,,6.623249290397901
5003933,中古マンション等,,5201,秋田県,秋田市,広面,秋田,29,３ＬＤＫ,70,,,,平成16年,ＲＣ,住宅,住宅,,,,第２種住居地域,60.0,200.0,2015年第３四半期,改装済,,7.3222192947339195
5002235,中古マンション等,,5201,秋田県,秋田市,千秋中島町,秋田,25,３ＬＤＫ,70,,,,平成4年,ＲＣ,住宅,住宅,,,,第２種中高層住居専用地域,60.0,200.0,2019年第３四半期,未改装,,6.949390006644912
5003219,中古マンション等,,5201,秋田県,秋田市,中通,秋田,14,３ＬＤＫ,80,,,,平成19年,ＲＣ,住宅,住宅,,,,商業地域,80.0,400.0,2017年第１四半期,未改装,,7.380211241711606
5021398,中古マンション等,,5201,秋田県,秋田市,泉北,秋田,30分?60分,３ＬＤＫ,75,,,,平成10年,ＳＲＣ,住宅,,,,,準工業地域,60.0,200.0,2007年第２四半期,未改装,,7.146128035678238
5001902,中古マンション等,,5201,秋田県,秋田市,山王沼田町,秋田,30分?60分,４ＬＤＫ,95,,,,平成16年,ＲＣ,住宅,住宅,,,,第１種住居地域,60.0,200.0,2019年第４四半期,未改装,,7.301029995663981
5004097,中古マンション等,,5201,秋田県,秋田市,南通築地,秋田,14,１Ｒ,25,,,,平成2年,ＲＣ,住宅,住宅,,,,第１種住居地域,60.0,200.0,2016年第１四半期,未改装,,6.447158031342219
5001858,中古マンション等,,5201,秋田県,秋田市,山王,秋田,30分?60分,１Ｋ,25,,,,平成3年,ＳＲＣ,住宅,住宅,,,,商業地域,80.0,400.0,2015年第４四半期,改装済,,6.556302500767288
5003234,中古マンション等,,5201,秋田県,秋田市,中通,秋田,11,２ＬＤＫ,55,,,,平成9年,ＳＲＣ,住宅,住宅,,,,商業地域,80.0,500.0,2016年第２四半期,未改装,,6.991226075692495
5004093,中古マンション等,,5201,秋田県,秋田市,南通築地,秋田,9,２ＬＤＫ,60,,,,平成3年,ＳＲＣ,住宅,住宅,,,,商業地域,80.0,400.0,2016年第３四半期,未改装,,6.633468455579586
5025230,中古マンション等,,5201,秋田県,秋田市,南通築地,秋田,9,オープンフロア,35,,,,平成3年,ＳＲＣ,店舗,,,,,商業地域,80.0,400.0,2013年第１四半期,未改装,調停・競売等,6.662757831681574
5020896,中古マンション等,,5201,秋田県,秋田市,南通築地,秋田,9,２ＬＤＫ,50,,,,平成3年,ＳＲＣ,住宅,,,,,商業地域,80.0,400.0,2011年第４四半期,未改装,,6.845098040014257
5012599,中古マンション等,,5201,秋田県,秋田市,新屋豊町,秋田,30分?60分,３ＬＤＫ,95,,,,平成13年,ＲＣ,住宅,住宅,,,,工業地域,60.0,200.0,2014年第４四半期,未改装,,7.278753600952829
5015324,中古マンション等,,5201,秋田県,秋田市,千秋矢留町,秋田,19,３ＬＤＫ,65,,,,平成20年,ＳＲＣ,住宅,住宅,,,,商業地域,80.0,400.0,2014年第３四半期,未改装,,7.3222192947339195
5027216,中古マンション等,,5201,秋田県,秋田市,中通,秋田,12,２ＬＤＫ,60,,,,昭和64年,ＳＲＣ,住宅,,,,,商業地域,80.0,500.0,2009年第１四半期,改装済,,6.929418925714293
5003218,中古マンション等,,5201,秋田県,秋田市,中通,秋田,11,３ＬＤＫ,75,,,,昭和61年,ＳＲＣ,住宅,住宅,,,,商業地域,80.0,500.0,2017年第１四半期,,,7.079181246047625
5003187,中古マンション等,,5201,秋田県,秋田市,中通,秋田,13,２ＬＤＫ＋Ｓ,65,,,,平成15年,ＲＣ,住宅,その他,,,,商業地域,80.0,600.0,2018年第２四半期,未改装,,7.278753600952829
5016671,中古マンション等,,5201,秋田県,秋田市,中通,秋田,14,３ＬＤＫ,70,,,,昭和49年,ＳＲＣ,住宅,住宅,,,,商業地域,80.0,500.0,2014年第４四半期,未改装,,6.672097857935717
5003155,中古マンション等,,5201,秋田県,秋田市,中通,秋田,13,３ＬＤＫ,65,,,,平成15年,ＲＣ,住宅,住宅,,,,商業地域,80.0,600.0,2019年第４四半期,未改装,,7.3222192947339195
5014459,中古マンション等,,5201,秋田県,秋田市,大町,秋田,20,４ＬＤＫ,65,,,,平成2年,ＳＲＣ,住宅,,,,,商業地域,80.0,400.0,2010年第１四半期,未改装,調停・競売等,6.7558748556724915
5024039,中古マンション等,,5201,秋田県,秋田市,中通,秋田,14,３ＬＤＫ,80,,,,平成13年,ＳＲＣ,住宅,,,,,商業地域,80.0,400.0,2013年第３四半期,改装済,,7.380211241711606
5001065,中古マンション等,,5201,秋田県,秋田市,大町,秋田,20,３ＬＤＫ,75,,,,平成14年,ＳＲＣ,住宅,住宅,,,,商業地域,80.0,500.0,2017年第２四半期,未改装,,7.278753600952829
5022140,中古マンション等,,5201,秋田県,秋田市,山王中園町,秋田,30分?60分,２ＬＤＫ,65,,,,昭和61年,ＲＣ,住宅,,,,,第１種住居地域,60.0,200.0,2013年第４四半期,改装済,,6.944482672150168
5021910,中古マンション等,,5201,秋田県,秋田市,千秋久保田町,秋田,8,３ＬＤＫ,75,,,,平成17年,ＳＲＣ,住宅,,,,,商業地域,80.0,400.0,2012年第１四半期,未改装,,7.278753600952829
5028542,中古マンション等,,5201,秋田県,秋田市,八橋大畑,秋田,30分?60分,３ＬＤＫ,60,,,,平成4年,ＲＣ,住宅,,,,,準工業地域,60.0,200.0,2009年第４四半期,未改装,,6.8750612633917
5027171,中古マンション等,,5201,秋田県,秋田市,中通,秋田,6,４ＬＤＫ,75,,,,昭和64年,ＳＲＣ,住宅,,,,,商業地域,80.0,400.0,2009年第４四半期,未改装,,6.929418925714293
5023742,中古マンション等,,5201,秋田県,秋田市,千秋矢留町,秋田,18,１Ｒ,15,,,,昭和63年,ＳＲＣ,住宅,,,,,商業地域,80.0,400.0,2008年第２四半期,未改装,,6.301029995663981
5024034,中古マンション等,,5201,秋田県,秋田市,中通,秋田,20,３ＬＤＫ,65,,,,平成2年,ＳＲＣ,住宅,,,,,商業地域,80.0,400.0,2013年第４四半期,未改装,,6.7558748556724915
5002296,中古マンション等,,5201,秋田県,秋田市,千秋矢留町,秋田,19,２ＤＫ,60,,,,昭和63年,ＳＲＣ,住宅,住宅,,,,商業地域,80.0,400.0,2015年第２四半期,未改装,,6.7923916894982534
5003910,中古マンション等,,5201,秋田県,秋田市,広面,秋田,29,３ＬＤＫ,65,,,,平成16年,ＲＣ,住宅,住宅,,,,第２種住居地域,60.0,200.0,2016年第１四半期,未改装,,7.342422680822207
5019317,中古マンション等,,5201,秋田県,秋田市,千秋久保田町,秋田,6,３ＬＤＫ,75,,,,,ＳＲＣ,住宅,,,,,商業地域,80.0,400.0,2011年第３四半期,未改装,,7.3222192947339195
5014703,中古マンション等,,5201,秋田県,秋田市,山王,秋田,30分?60分,２ＬＤＫ,50,,,,平成18年,ＲＣ,住宅,住宅,,,,商業地域,80.0,500.0,2014年第４四半期,未改装,,7.230448921378274
5025686,中古マンション等,,5201,秋田県,秋田市,千秋矢留町,秋田,18,１Ｋ,15,,,,昭和63年,ＳＲＣ,住宅,,,,,商業地域,80.0,400.0,2009年第３四半期,改装済,,6.079181246047625
5003173,中古マンション等,,5201,秋田県,秋田市,中通,秋田,14,３ＬＤＫ,80,,,,平成13年,ＳＲＣ,住宅,住宅,,,,商業地域,80.0,400.0,2019年第１四半期,未改装,,7.301029995663981
5001797,中古マンション等,,5201,秋田県,秋田市,山王,秋田,30分?60分,３ＬＤＫ,70,,,,平成2年,ＳＲＣ,住宅,住宅,,,,商業地域,80.0,500.0,2019年第２四半期,改装済,,7.176091259055681
5022066,中古マンション等,,5201,秋田県,秋田市,山王,秋田,30分?60分,２ＬＤＫ,60,,,,平成18年,ＲＣ,住宅,,,,,商業地域,80.0,500.0,2013年第４四半期,未改装,,7.301029995663981
5021904,中古マンション等,,5201,秋田県,秋田市,大町,秋田,24,３ＬＤＫ,65,,,,昭和64年,ＳＲＣ,住宅,,,,,商業地域,80.0,400.0,2007年第２四半期,未改装,調停・競売等,6.886490725172482
5017739,中古マンション等,,5201,秋田県,秋田市,中通,秋田,11,２ＬＤＫ,55,,,,昭和61年,ＳＲＣ,住宅,,,,,商業地域,80.0,500.0,2010年第２四半期,改装済,,6.812913356642856
5000703,中古マンション等,,5201,秋田県,秋田市,泉中央,秋田,30分?60分,３ＬＤＫ,65,,,,平成18年,ＲＣ,住宅,住宅,,,,第１種住居地域,60.0,200.0,2016年第４四半期,未改装,,7.230448921378274
5002302,中古マンション等,,5201,秋田県,秋田市,千秋矢留町,秋田,15,１Ｒ,15,,,,昭和63年,ＳＲＣ,住宅,住宅,,,,商業地域,80.0,400.0,2015年第１四半期,未改装,,6.146128035678238
5003333,中古マンション等,,5201,秋田県,秋田市,楢山登町,秋田,26,４ＬＤＫ,90,,,,平成14年,ＲＣ,住宅,住宅,,,,近隣商業地域,80.0,200.0,2019年第２四半期,未改装,,7.230448921378274
5023379,中古マンション等,,5201,秋田県,秋田市,中通,秋田,12,３ＬＤＫ,65,,,,昭和63年,ＳＲＣ,住宅,,,,,商業地域,80.0,600.0,2012年第１四半期,未改装,,6.8061799739838875
5021883,中古マンション等,,5201,秋田県,秋田市,大町,秋田,23,２ＤＫ,50,,,,昭和64年,ＳＲＣ,住宅,,,,,商業地域,80.0,400.0,2008年第３四半期,未改装,調停・競売等,6.7923916894982534
5022020,中古マンション等,,5201,秋田県,秋田市,千秋矢留町,秋田,19,１Ｋ,15,,,,昭和63年,ＳＲＣ,住宅,,,,,商業地域,80.0,400.0,2012年第３四半期,未改装,,5.880813592280791
5021889,中古マンション等,,5201,秋田県,秋田市,大町,秋田,25,３ＬＤＫ,60,,,,平成9年,ＳＲＣ,住宅,,,,,商業地域,80.0,400.0,2008年第２四半期,未改装,,7.041392685158225
5002300,中古マンション等,,5201,秋田県,秋田市,千秋矢留町,秋田,18,１Ｒ,20,,,,昭和63年,ＳＲＣ,住宅,住宅,,,,商業地域,80.0,400.0,2015年第２四半期,未改装,,6.0
5016677,中古マンション等,,5201,秋田県,秋田市,中通,秋田,13,３ＬＤＫ,70,,,,平成15年,ＳＲＣ,住宅,住宅,,,,商業地域,80.0,400.0,2014年第３四半期,未改装,,7.342422680822207
5004116,中古マンション等,,5201,秋田県,秋田市,南通宮田,秋田,16,１ＬＤＫ,40,,,,平成3年,ＲＣ,住宅,住宅,,,,第１種中高層住居専用地域,60.0,200.0,2017年第２四半期,未改装,,6.799340549453582
5018886,中古マンション等,,5201,秋田県,秋田市,南通亀の町,秋田,18,２ＬＤＫ,50,,,,昭和63年,ＳＲＣ,住宅,,,,,商業地域,80.0,400.0,2010年第３四半期,未改装,,6.7923916894982534
5003217,中古マンション等,,5201,秋田県,秋田市,中通,秋田,14,２ＬＤＫ,65,,,,平成15年,ＲＣ,住宅,その他,,,,商業地域,80.0,600.0,2017年第１四半期,未改装,,7.230448921378274
5021907,中古マンション等,,5201,秋田県,秋田市,大町,秋田,23,オープンフロア,60,,,,平成2年,ＳＲＣ,店舗,,,,,商業地域,80.0,400.0,2007年第２四半期,未改装,,6.991226075692495
5003743,中古マンション等,,5201,秋田県,秋田市,東通仲町,秋田,10,１Ｋ,20,,,,昭和62年,鉄骨造,,住宅,,,,第２種住居地域,60.0,200.0,2018年第１四半期,未改装,,6.57978359661681
5025087,中古マンション等,,5201,秋田県,秋田市,中通,秋田,14,３ＬＤＫ,75,,,,平成19年,ＲＣ,住宅,,,,,商業地域,80.0,400.0,2008年第４四半期,未改装,,7.342422680822207
5025390,中古マンション等,,5201,秋田県,秋田市,八橋大畑,秋田,30分?60分,３ＬＤＫ,80,,,,平成19年,ＲＣ,住宅,,,,,準工業地域,60.0,200.0,2013年第２四半期,未改装,,7.342422680822207
5023336,中古マンション等,,5201,秋田県,秋田市,中通,秋田,13,２ＤＫ＋Ｓ,45,,,,昭和61年,ＳＲＣ,住宅,,,,,商業地域,80.0,500.0,2012年第４四半期,未改装,,6.690196080028514
5025097,中古マンション等,,5201,秋田県,秋田市,中通,秋田,16,１Ｋ,20,,,,昭和55年,ＳＲＣ,住宅,,,,,商業地域,80.0,500.0,2008年第３四半期,改装済,,5.954242509439325
5003237,中古マンション等,,5201,秋田県,秋田市,中通,秋田,8,３ＬＤＫ,70,,,,平成20年,ＳＲＣ,住宅,住宅,,,,商業地域,80.0,400.0,2016年第２四半期,未改装,,7.3979400086720375
5018310,中古マンション等,,5201,秋田県,秋田市,大町,秋田,21,２ＬＤＫ,45,,,,平成2年,ＳＲＣ,住宅,,,,,商業地域,80.0,400.0,2011年第２四半期,改装済,,6.869231719730976
5000632,中古マンション等,,5201,秋田県,秋田市,泉北,秋田,30分?60分,４ＬＤＫ,80,,,,平成17年,ＲＣ,住宅,住宅,,,,第１種住居地域,60.0,200.0,2017年第３四半期,未改装,,7.301029995663981
5019791,中古マンション等,,5203,秋田県,横手市,駅前町,横手,3,３ＬＤＫ,85,,,,平成22年,ＲＣ,住宅,,,,,商業地域,80.0,400.0,2010年第１四半期,,,7.447158031342219
5020073,中古マンション等,,5201,秋田県,秋田市,中通,秋田,11,３ＬＤＫ,70,,,,平成15年,ＲＣ,住宅,,,,,商業地域,80.0,600.0,2011年第２四半期,,,7.301029995663981
5023755,中古マンション等,,5201,秋田県,秋田市,千秋矢留町,秋田,19,１Ｒ,25,,,,昭和62年,ＳＲＣ,住宅,,,,,商業地域,80.0,400.0,2007年第３四半期,改装済,,6.6020599913279625
5017715,中古マンション等,,5201,秋田県,秋田市,中通,秋田,13,２ＤＫ,50,,,,昭和49年,ＳＲＣ,住宅,,,,,商業地域,80.0,500.0,2010年第３四半期,未改装,,6.230448921378274
5018308,中古マンション等,,5201,秋田県,秋田市,大町,秋田,21,３ＬＤＫ,50,,,,平成2年,ＳＲＣ,住宅,,,,,商業地域,80.0,400.0,2011年第３四半期,未改装,,6.544068044350276
5001856,中古マンション等,,5201,秋田県,秋田市,山王,秋田,30分?60分,１Ｋ,30,,,,平成3年,ＳＲＣ,住宅,住宅,,,,商業地域,80.0,400.0,2015年第４四半期,改装済,,6.5910646070264995
5023544,中古マンション等,,5201,秋田県,秋田市,手形,秋田,4,３ＬＤＫ,75,,,,平成19年,ＲＣ,住宅,,,,,商業地域,80.0,400.0,2013年第３四半期,改装済,,7.342422680822207
5017712,中古マンション等,,5201,秋田県,秋田市,中通,秋田,13,３ＬＤＫ,75,,,,平成14年,ＳＲＣ,住宅,,,,,商業地域,80.0,500.0,2010年第３四半期,未改装,,7.079181246047625
5004209,中古マンション等,,5201,秋田県,秋田市,八橋大畑,秋田,30分?60分,４ＬＤＫ,70,,,,平成4年,ＲＣ,住宅,住宅,,,,準工業地域,60.0,200.0,2017年第２四半期,未改装,,6.99563519459755
5003203,中古マンション等,,5201,秋田県,秋田市,中通,秋田,11,３ＬＤＫ,65,,,,昭和61年,ＳＲＣ,住宅,住宅,,,,商業地域,80.0,500.0,2017年第３四半期,改装済,,7.079181246047625
5022647,中古マンション等,,5201,秋田県,秋田市,千秋矢留町,秋田,18,１Ｋ,15,,,,昭和63年,ＳＲＣ,住宅,,,,,商業地域,80.0,400.0,2013年第３四半期,未改装,,6.041392685158225
5015224,中古マンション等,,5201,秋田県,秋田市,千秋城下町,秋田,10,２ＬＤＫ,65,,,,平成8年,ＳＲＣ,住宅,住宅,,,,近隣商業地域,80.0,200.0,2014年第４四半期,未改装,,7.0
5003179,中古マンション等,,5201,秋田県,秋田市,中通,秋田,13,１Ｋ,20,,,,昭和49年,ＳＲＣ,住宅,住宅,,,,商業地域,80.0,500.0,2018年第３四半期,未改装,,6.113943352306837
5025007,中古マンション等,,5201,秋田県,秋田市,広面,秋田,30分?60分,３ＬＤＫ,75,,,,平成12年,ＲＣ,住宅,,,,,近隣商業地域,80.0,200.0,2013年第２四半期,未改装,,7.176091259055681
5003157,中古マンション等,,5201,秋田県,秋田市,中通,秋田,12,２ＬＤＫ,55,,,,昭和63年,ＳＲＣ,住宅,住宅,,,,商業地域,80.0,600.0,2019年第４四半期,,,6.763427993562937
5020893,中古マンション等,,5201,秋田県,秋田市,南通築地,秋田,9,２ＬＤＫ,55,,,,平成2年,ＳＲＣ,住宅,,,,,商業地域,80.0,400.0,2011年第４四半期,未改装,,6.812913356642856
5017742,中古マンション等,,5201,秋田県,秋田市,中通,秋田,11,３ＬＤＫ,95,,,,平成15年,ＲＣ,住宅,,,,,商業地域,80.0,600.0,2010年第２四半期,未改装,調停・競売等,7.146128035678238
5003164,中古マンション等,,5201,秋田県,秋田市,中通,秋田,10,２ＬＤＫ,55,,,,平成9年,ＳＲＣ,住宅,住宅,,,,商業地域,80.0,500.0,2019年第３四半期,改装済,,7.113943352306837
5020066,中古マンション等,,5201,秋田県,秋田市,中通,秋田,16,１Ｋ,15,,,,昭和55年,ＳＲＣ,住宅,,,,,商業地域,80.0,500.0,2011年第２四半期,未改装,,6.0
5002270,中古マンション等,,5201,秋田県,秋田市,千秋矢留町,秋田,21,２ＬＤＫ,65,,,,平成19年,ＲＣ,住宅,住宅,,,,商業地域,80.0,400.0,2017年第３四半期,未改装,,7.2552725051033065
5003223,中古マンション等,,5201,秋田県,秋田市,中通,秋田,8,３ＬＤＫ,60,,,,平成20年,ＳＲＣ,住宅,住宅,,,,商業地域,80.0,400.0,2016年第４四半期,未改装,,7.278753600952829
5002896,中古マンション等,,5201,秋田県,秋田市,手形,秋田,4,４ＬＤＫ,80,,,,平成19年,ＲＣ,住宅,住宅,,,,商業地域,80.0,400.0,2015年第３四半期,改装済,,7.3979400086720375
5027176,中古マンション等,,5201,秋田県,秋田市,中通,秋田,14,３ＬＤＫ,75,,,,平成19年,ＲＣ,住宅,,,,,商業地域,80.0,400.0,2009年第３四半期,未改装,,7.2552725051033065
5023161,中古マンション等,,5201,秋田県,秋田市,山王,秋田,29,２ＬＤＫ＋Ｓ,70,,,,平成2年,ＳＲＣ,住宅,,,,,商業地域,80.0,500.0,2008年第３四半期,未改装,,7.079181246047625
5003180,中古マンション等,,5201,秋田県,秋田市,中通,秋田,6,３ＬＤＫ,80,,,,平成20年,ＳＲＣ,住宅,住宅,,,,商業地域,80.0,400.0,2018年第３四半期,未改装,,7.3979400086720375
5023338,中古マンション等,,5201,秋田県,秋田市,中通,秋田,12,３ＬＤＫ,70,,,,平成15年,ＳＲＣ,住宅,,,,,商業地域,80.0,400.0,2012年第４四半期,未改装,,7.278753600952829
5001864,中古マンション等,,5201,秋田県,秋田市,山王,秋田,30分?60分,４ＬＤＫ,90,,,,平成14年,ＳＲＣ,住宅,住宅,,,,商業地域,80.0,500.0,2015年第３四半期,未改装,,7.2552725051033065
5024220,中古マンション等,,5201,秋田県,秋田市,楢山南中町,秋田,23,３ＬＤＫ,80,,,,平成12年,ＲＣ,住宅,,,,,第１種住居地域,60.0,200.0,2013年第２四半期,未改装,調停・競売等,7.079181246047625
5004300,中古マンション等,,5201,秋田県,秋田市,八橋三和町,秋田,30分?60分,３ＬＤＫ,75,,,,平成14年,ＳＲＣ,住宅,住宅,,,,第２種中高層住居専用地域,60.0,200.0,2016年第３四半期,未改装,,6.2552725051033065
5025134,中古マンション等,,5201,秋田県,秋田市,山王,秋田,30分?60分,１ＤＫ,30,,,,平成3年,ＳＲＣ,住宅,,,,,商業地域,80.0,400.0,2009年第４四半期,未改装,,6.556302500767288
5001846,中古マンション等,,5201,秋田県,秋田市,山王,秋田,30分?60分,２ＤＫ,40,,,,平成5年,ＳＲＣ,住宅,住宅,,,,商業地域,80.0,400.0,2016年第３四半期,未改装,,6.740362689494244
5021909,中古マンション等,,5201,秋田県,秋田市,大町,秋田,23,５ＬＤＫ,90,,,,平成2年,ＳＲＣ,住宅,,,,,商業地域,80.0,400.0,2007年第２四半期,未改装,,7.176091259055681
5000370,中古マンション等,,5201,秋田県,秋田市,新屋豊町,秋田,30分?60分,３ＬＤＫ,75,,,,平成13年,ＲＣ,住宅,住宅,,,,工業地域,60.0,200.0,2019年第３四半期,未改装,,7.176091259055681
5001092,中古マンション等,,5201,秋田県,秋田市,大町,秋田,19,２ＬＤＫ,75,,,,昭和62年,ＳＲＣ,住宅,住宅,,,,商業地域,80.0,400.0,2015年第１四半期,改装済,,7.176091259055681
5002878,中古マンション等,,5201,秋田県,秋田市,手形,秋田,6,３ＬＤＫ,65,,,,平成20年,ＲＣ,住宅,住宅,,,,第２種住居地域,60.0,200.0,2016年第２四半期,未改装,,7.361727836017593
5023736,中古マンション等,,5201,秋田県,秋田市,千秋矢留町,秋田,24,２ＬＤＫ,70,,,,平成9年,ＳＲＣ,住宅,,,,,商業地域,80.0,400.0,2008年第３四半期,改装済,,7.113943352306837
5016183,中古マンション等,,5201,秋田県,秋田市,手形,秋田,11,３ＬＤＫ,75,,,,平成18年,ＲＣ,住宅,住宅,,,,第２種中高層住居専用地域,60.0,200.0,2014年第３四半期,未改装,,7.361727836017593
5002231,中古マンション等,,5201,秋田県,秋田市,千秋城下町,秋田,10,４ＬＤＫ,70,,,,平成8年,ＳＲＣ,住宅,住宅,,,,近隣商業地域,80.0,200.0,2016年第１四半期,未改装,,7.041392685158225
5002271,中古マンション等,,5201,秋田県,秋田市,千秋矢留町,秋田,20,３ＬＤＫ,65,,,,昭和64年,ＳＲＣ,住宅,住宅,,,,商業地域,80.0,400.0,2017年第３四半期,,,7.079181246047625
5018982,中古マンション等,,5201,秋田県,秋田市,八橋大畑,秋田,30分?60分,３ＬＤＫ,80,,,,平成19年,ＲＣ,住宅,,,,,準工業地域,60.0,200.0,2010年第１四半期,未改装,,7.3222192947339195
5003209,中古マンション等,,5201,秋田県,秋田市,中通,秋田,14,３ＬＤＫ,70,,,,昭和64年,ＳＲＣ,住宅,住宅,,,,商業地域,80.0,500.0,2017年第２四半期,改装済,,7.079181246047625
5019136,中古マンション等,,5201,秋田県,秋田市,山王沼田町,秋田,30分?60分,３ＬＤＫ,80,,,,平成16年,ＲＣ,住宅,,,,,第１種住居地域,60.0,200.0,2011年第３四半期,未改装,,7.2552725051033065
5001903,中古マンション等,,5201,秋田県,秋田市,山王沼田町,秋田,30分?60分,４ＬＤＫ,95,,,,平成16年,ＲＣ,住宅,住宅,,,,第１種住居地域,60.0,200.0,2018年第３四半期,未改装,,7.301029995663981
5002233,中古マンション等,,5201,秋田県,秋田市,千秋城下町,秋田,10,３ＬＤＫ,65,,,,平成8年,ＳＲＣ,住宅,住宅,,,,近隣商業地域,80.0,200.0,2015年第３四半期,未改装,,6.963787827345556
5003191,中古マンション等,,5201,秋田県,秋田市,中通,秋田,14,２ＬＤＫ,40,,,,昭和63年,ＳＲＣ,,住宅,,,,商業地域,80.0,400.0,2018年第１四半期,改装済,,6.963787827345556
5027201,中古マンション等,,5201,秋田県,秋田市,中通,秋田,14,３ＬＤＫ,70,,,,平成19年,ＲＣ,住宅,,,,,商業地域,80.0,400.0,2009年第２四半期,未改装,,7.204119982655925
5021579,中古マンション等,,5201,秋田県,秋田市,川元山下町,秋田,30分?60分,３ＬＤＫ,70,,,,平成2年,ＲＣ,住宅,,,,,第１種住居地域,60.0,200.0,2013年第４四半期,未改装,,6.991226075692495
5003238,中古マンション等,,5201,秋田県,秋田市,中通,秋田,13,２ＬＤＫ,75,,,,平成15年,ＲＣ,住宅,住宅,,,,商業地域,80.0,600.0,2016年第２四半期,未改装,,7.380211241711606
5020904,中古マンション等,,5201,秋田県,秋田市,南通築地,秋田,16,１Ｒ,25,,,,平成2年,ＲＣ,住宅,,,,,第１種住居地域,60.0,200.0,2011年第３四半期,未改装,,6.278753600952829
5017962,中古マンション等,,5201,秋田県,秋田市,楢山南中町,秋田,25,４ＬＤＫ,95,,,,平成12年,ＲＣ,住宅,,,,,第１種住居地域,60.0,200.0,2010年第４四半期,改装済,,7.146128035678238
5002262,中古マンション等,,5201,秋田県,秋田市,千秋矢留町,秋田,18,,15,,,,昭和63年,ＳＲＣ,,住宅,,,,商業地域,80.0,400.0,2018年第１四半期,未改装,,6.0
5019121,中古マンション等,,5201,秋田県,秋田市,山王,秋田,30分?60分,３ＬＤＫ,75,,,,平成16年,ＲＣ,住宅,,,,,商業地域,80.0,400.0,2011年第１四半期,未改装,,7.176091259055681
5025136,中古マンション等,,5201,秋田県,秋田市,山王,秋田,30分?60分,３ＬＤＫ,65,,,,平成16年,ＲＣ,住宅,,,,,商業地域,80.0,400.0,2009年第４四半期,未改装,調停・競売等,7.079181246047625
5023756,中古マンション等,,5201,秋田県,秋田市,千秋矢留町,秋田,16,１Ｋ,15,,,,昭和63年,ＳＲＣ,住宅,,,,,商業地域,80.0,400.0,2007年第３四半期,未改装,,6.3222192947339195
5023754,中古マンション等,,5201,秋田県,秋田市,千秋矢留町,秋田,24,２ＬＤＫ,65,,,,平成3年,ＳＲＣ,住宅,,,,,商業地域,80.0,400.0,2007年第４四半期,改装済,,7.0
5003210,中古マンション等,,5201,秋田県,秋田市,中通,秋田,14,１ＬＤＫ,45,,,,昭和63年,ＳＲＣ,住宅,住宅,,,,商業地域,80.0,400.0,2017年第２四半期,改装済,,6.903089986991944
5001047,中古マンション等,,5201,秋田県,秋田市,大町,秋田,21,２ＬＤＫ,80,,,,昭和58年,ＳＲＣ,,住宅,,,,商業地域,80.0,500.0,2018年第２四半期,改装済,,7.278753600952829
5014719,中古マンション等,,5201,秋田県,秋田市,山王,秋田,30分?60分,４ＬＤＫ,80,,,,平成23年,ＲＣ,住宅,住宅,,,,近隣商業地域,80.0,200.0,2014年第２四半期,未改装,,7.505149978319906
5019391,中古マンション等,,5201,秋田県,秋田市,千秋矢留町,秋田,23,３ＬＤＫ,65,,,,平成20年,ＳＲＣ,住宅,,,,,商業地域,80.0,400.0,2011年第３四半期,未改装,,7.278753600952829
5022015,中古マンション等,,5201,秋田県,秋田市,千秋矢留町,秋田,18,１Ｋ,15,,,,昭和63年,ＳＲＣ,住宅,,,,,商業地域,80.0,300.0,2012年第４四半期,未改装,,6.2552725051033065
5013595,中古マンション等,,5201,秋田県,秋田市,大町,秋田,21,２ＬＤＫ,55,,,,昭和64年,ＳＲＣ,住宅,,,,,商業地域,80.0,400.0,2014年第１四半期,改装済,,6.812913356642856
5000618,中古マンション等,,5201,秋田県,秋田市,泉北,秋田,30分?60分,３ＬＤＫ,65,,,,平成17年,ＲＣ,住宅,住宅,,,,第１種住居地域,60.0,200.0,2019年第３四半期,未改装,,7.2552725051033065
5002272,中古マンション等,,5201,秋田県,秋田市,千秋矢留町,秋田,19,２ＤＫ,40,,,,平成3年,ＳＲＣ,住宅,住宅,,,,商業地域,80.0,400.0,2017年第３四半期,未改装,,6.812913356642856
5004207,中古マンション等,,5201,秋田県,秋田市,八橋大畑,秋田,30分?60分,４ＬＤＫ,70,,,,平成4年,ＲＣ,住宅,住宅,,,,準工業地域,60.0,200.0,2019年第２四半期,改装済,,6.919078092376074
5028539,中古マンション等,,5201,秋田県,秋田市,八橋大畑,秋田,30分?60分,４ＬＤＫ,95,,,,平成19年,ＲＣ,住宅,,,,,準工業地域,60.0,200.0,2009年第４四半期,未改装,,7.3979400086720375
5003153,中古マンション等,,5201,秋田県,秋田市,中通,秋田,14,３ＬＤＫ,65,,,,平成29年,ＲＣ,住宅,住宅,,,,商業地域,80.0,400.0,2019年第４四半期,未改装,,7.531478917042255
5020140,中古マンション等,,5201,秋田県,秋田市,泉北,秋田,30分?60分,３ＬＤＫ,75,,,,平成19年,ＲＣ,住宅,,,,,準工業地域,60.0,200.0,2012年第３四半期,未改装,,7.301029995663981
5004054,中古マンション等,,5201,秋田県,秋田市,南通亀の町,秋田,18,３ＬＤＫ,80,,,,昭和63年,ＳＲＣ,住宅,住宅,,,,商業地域,80.0,400.0,2019年第１四半期,未改装,,6.740362689494244
5025121,中古マンション等,,5201,秋田県,秋田市,中通,秋田,10,３ＬＤＫ,65,,,,平成9年,ＳＲＣ,住宅,,,,,商業地域,80.0,500.0,2007年第３四半期,未改装,,7.113943352306837
5018304,中古マンション等,,5201,秋田県,秋田市,大町,秋田,21,３ＬＤＫ,60,,,,平成2年,ＳＲＣ,住宅,,,,,商業地域,80.0,400.0,2011年第３四半期,未改装,,6.991226075692495
5023490,中古マンション等,,5201,秋田県,秋田市,楢山登町,秋田,30分?60分,４ＬＤＫ,90,,,,平成10年,ＲＣ,住宅,,,,,第１種住居地域,60.0,200.0,2012年第２四半期,未改装,,7.041392685158225
5025115,中古マンション等,,5201,秋田県,秋田市,中通,秋田,10,３ＬＤＫ,65,,,,平成9年,ＳＲＣ,住宅,,,,,商業地域,80.0,500.0,2007年第４四半期,未改装,,7.146128035678238
5003211,中古マンション等,,5201,秋田県,秋田市,中通,秋田,14,３ＬＤＫ,70,,,,平成15年,ＲＣ,住宅,住宅,,,,商業地域,80.0,600.0,2017年第２四半期,,,7.342422680822207
5023927,中古マンション等,,5201,秋田県,秋田市,大町,秋田,21,２ＬＤＫ,45,,,,平成2年,ＳＲＣ,住宅,,,,,商業地域,80.0,400.0,2009年第４四半期,改装済,,6.740362689494244
5004291,中古マンション等,,5201,秋田県,秋田市,八橋三和町,秋田,30分?60分,４ＬＤＫ,90,,,,平成14年,ＳＲＣ,住宅,住宅,,,,第２種中高層住居専用地域,60.0,200.0,2019年第２四半期,改装済,,7.3222192947339195
5018976,中古マンション等,,5201,秋田県,秋田市,八橋大畑,秋田,30分?60分,４ＬＤＫ,70,,,,平成4年,ＲＣ,住宅,,,,,準工業地域,60.0,200.0,2010年第４四半期,未改装,,6.929418925714293
5004302,中古マンション等,,5201,秋田県,秋田市,八橋三和町,秋田,30分?60分,４ＬＤＫ,90,,,,平成14年,ＳＲＣ,住宅,住宅,,,,第２種中高層住居専用地域,60.0,200.0,2016年第２四半期,未改装,,7.204119982655925
5015327,中古マンション等,,5201,秋田県,秋田市,千秋矢留町,秋田,18,１Ｋ,15,,,,昭和63年,ＳＲＣ,住宅,その他,,,,商業地域,80.0,400.0,2014年第２四半期,未改装,,6.079181246047625
5023335,中古マンション等,,5201,秋田県,秋田市,中通,秋田,14,２ＬＤＫ,50,,,,平成13年,ＳＲＣ,住宅,,,,,商業地域,80.0,400.0,2012年第４四半期,未改装,,7.146128035678238
5021490,中古マンション等,,5201,秋田県,秋田市,山王,秋田,30分?60分,１ＤＫ,30,,,,昭和61年,ＲＣ,住宅,,,,,商業地域,80.0,400.0,2012年第１四半期,未改装,,6.477121254719663
5026517,中古マンション等,,5201,秋田県,秋田市,八橋大畑,秋田,30分?60分,４ＬＤＫ,70,,,,平成4年,ＲＣ,住宅,,,,,準工業地域,60.0,200.0,2008年第２四半期,未改装,,6.982271233039568
5020540,中古マンション等,,5201,秋田県,秋田市,大町,秋田,20,３ＬＤＫ,75,,,,平成2年,ＳＲＣ,住宅,,,,,商業地域,80.0,400.0,2012年第４四半期,未改装,,7.0
5021880,中古マンション等,,5201,秋田県,秋田市,大町,秋田,21,１ＬＤＫ,50,,,,平成2年,ＳＲＣ,住宅,,,,,商業地域,80.0,400.0,2008年第４四半期,改装済,,6.732393759822968
5020070,中古マンション等,,5201,秋田県,秋田市,中通,秋田,13,４ＬＤＫ,85,,,,平成15年,ＳＲＣ,住宅,,,,,商業地域,80.0,400.0,2011年第２四半期,改装済,,7.278753600952829
5016686,中古マンション等,,5201,秋田県,秋田市,中通,秋田,10,３ＬＤＫ,65,,,,平成9年,ＳＲＣ,住宅,住宅,,,,商業地域,80.0,500.0,2014年第３四半期,未改装,,7.204119982655925
5024224,中古マンション等,,5201,秋田県,秋田市,楢山南中町,秋田,23,３ＬＤＫ,80,,,,平成12年,ＲＣ,住宅,,,,,第１種住居地域,60.0,200.0,2013年第１四半期,未改装,,7.176091259055681
5002247,中古マンション等,,5201,秋田県,秋田市,千秋明徳町,秋田,15,２ＬＤＫ,80,,,,平成19年,ＲＣ,住宅,住宅,,,,商業地域,80.0,400.0,2018年第３四半期,未改装,,7.477121254719663
5019387,中古マンション等,,5201,秋田県,秋田市,千秋矢留町,秋田,20,１Ｋ,15,,,,昭和63年,ＳＲＣ,住宅,,,,,商業地域,80.0,400.0,2011年第４四半期,未改装,,5.903089986991944
5025081,中古マンション等,,5201,秋田県,秋田市,中通,秋田,16,１Ｋ,15,,,,昭和55年,ＳＲＣ,住宅,,,,,商業地域,80.0,500.0,2008年第４四半期,改装済,,6.176091259055681
5001023,中古マンション等,,5201,秋田県,秋田市,大町,秋田,20,４ＬＤＫ,65,,,,平成2年,ＳＲＣ,住宅,住宅,,,,商業地域,80.0,400.0,2019年第３四半期,改装済,,6.963787827345556
5001795,中古マンション等,,5201,秋田県,秋田市,山王,秋田,30分?60分,３ＬＤＫ,70,,,,平成23年,ＲＣ,住宅,住宅,,,,近隣商業地域,80.0,200.0,2019年第３四半期,改装済,,7.3979400086720375
5004064,中古マンション等,,5201,秋田県,秋田市,南通亀の町,秋田,18,オープンフロア,160,,,,昭和63年,ＳＲＣ,店舗,店舗,,,,商業地域,80.0,400.0,2016年第３四半期,未改装,,6.301029995663981
5002263,中古マンション等,,5201,秋田県,秋田市,千秋矢留町,秋田,18,１Ｋ,15,,,,昭和63年,ＳＲＣ,,住宅,,,,商業地域,80.0,400.0,2018年第１四半期,未改装,,6.113943352306837
5003334,中古マンション等,,5201,秋田県,秋田市,楢山登町,秋田,26,３ＬＤＫ,75,,,,平成14年,ＲＣ,住宅,住宅,,,,近隣商業地域,80.0,200.0,2019年第２四半期,未改装,,7.230448921378274
5022665,中古マンション等,,5201,秋田県,秋田市,千秋矢留町,秋田,18,１Ｋ,15,,,,昭和63年,ＳＲＣ,住宅,,,,,商業地域,80.0,400.0,2013年第３四半期,未改装,,5.812913356642856
5022641,中古マンション等,,5201,秋田県,秋田市,千秋矢留町,秋田,18,２ＬＤＫ,50,,,,昭和62年,ＳＲＣ,住宅,,,,,商業地域,80.0,400.0,2013年第４四半期,改装済,,6.892094602690481
5013570,中古マンション等,,5201,秋田県,秋田市,大町,秋田,21,２ＬＤＫ,80,,,,昭和58年,ＳＲＣ,住宅,住宅,,,,商業地域,80.0,500.0,2014年第４四半期,改装済,,7.3979400086720375
5024042,中古マンション等,,5201,秋田県,秋田市,中通,秋田,12,３ＬＤＫ,80,,,,昭和61年,ＳＲＣ,住宅,,,,,商業地域,80.0,500.0,2013年第３四半期,未改装,調停・競売等,6.944482672150168
5002276,中古マンション等,,5201,秋田県,秋田市,千秋矢留町,秋田,15,１Ｋ,15,,,,昭和63年,ＳＲＣ,住宅,住宅,,,,商業地域,80.0,400.0,2016年第４四半期,改装済,,5.954242509439325
5021034,中古マンション等,,5201,秋田県,秋田市,八橋大畑,秋田,30分?60分,３ＬＤＫ,80,,,,平成19年,ＲＣ,住宅,,,,,準工業地域,60.0,200.0,2011年第４四半期,未改装,,7.278753600952829
5000636,中古マンション等,,5201,秋田県,秋田市,泉北,秋田,30分?60分,３ＬＤＫ,80,,,,平成12年,ＲＣ,住宅,,,,,準工業地域,60.0,200.0,2015年第４四半期,未改装,,7.380211241711606
5013576,中古マンション等,,5201,秋田県,秋田市,大町,秋田,21,２ＬＤＫ,80,,,,昭和58年,ＳＲＣ,住宅,住宅,,,,商業地域,80.0,500.0,2014年第３四半期,改装済,,7.414973347970818
5025683,中古マンション等,,5201,秋田県,秋田市,千秋矢留町,秋田,24,１Ｒ,25,,,,平成3年,ＳＲＣ,住宅,,,,,商業地域,80.0,400.0,2009年第４四半期,未改装,,6.447158031342219
5004092,中古マンション等,,5201,秋田県,秋田市,南通築地,秋田,9,２ＬＤＫ,50,,,,平成3年,ＳＲＣ,住宅,住宅,,,,商業地域,80.0,400.0,2017年第１四半期,改装済,,6.903089986991944
5024036,中古マンション等,,5201,秋田県,秋田市,中通,秋田,14,１ＤＫ＋Ｓ,45,,,,昭和63年,ＳＲＣ,住宅,,,,,商業地域,80.0,400.0,2013年第４四半期,未改装,,6.6020599913279625
5021906,中古マンション等,,5201,秋田県,秋田市,千秋久保田町,秋田,8,３ＬＤＫ,65,,,,平成17年,ＳＲＣ,住宅,,,,,商業地域,80.0,400.0,2012年第２四半期,未改装,,7.278753600952829
5021581,中古マンション等,,5201,秋田県,秋田市,川元山下町,秋田,30分?60分,３ＬＤＫ,65,,,,平成2年,ＲＣ,住宅,,,,,第１種住居地域,60.0,200.0,2013年第４四半期,未改装,調停・競売等,6.819543935541868
5014449,中古マンション等,,5201,秋田県,秋田市,大町,秋田,20,３ＬＤＫ,75,,,,昭和62年,ＳＲＣ,住宅,,,,,商業地域,80.0,400.0,2010年第２四半期,未改装,,6.939519252618618
5019389,中古マンション等,,5201,秋田県,秋田市,千秋矢留町,秋田,23,３ＬＤＫ,65,,,,昭和64年,ＳＲＣ,住宅,,,,,商業地域,80.0,400.0,2011年第３四半期,未改装,,6.892094602690481
5002294,中古マンション等,,5201,秋田県,秋田市,千秋矢留町,秋田,20,４ＬＤＫ,65,,,,昭和64年,ＳＲＣ,住宅,住宅,,,,商業地域,80.0,400.0,2015年第２四半期,未改装,,6.812913356642856
5001500,中古マンション等,,5201,秋田県,秋田市,旭南,秋田,30分?60分,３ＬＤＫ,75,,,,平成18年,ＲＣ,住宅,住宅,,,,準工業地域,60.0,200.0,2015年第４四半期,改装済,,7.301029995663981
5001053,中古マンション等,,5201,秋田県,秋田市,大町,秋田,24,２ＬＤＫ,50,,,,平成2年,ＲＣ,住宅,住宅,,,,商業地域,80.0,400.0,2018年第１四半期,未改装,,6.698970004336019
5018077,中古マンション等,,5201,秋田県,秋田市,南通宮田,秋田,16,３ＬＤＫ,80,,,,平成3年,ＲＣ,住宅,,,,,第１種中高層住居専用地域,50.0,200.0,2014年第１四半期,未改装,,6.778151250383644
5025099,中古マンション等,,5201,秋田県,秋田市,中通,秋田,9,２ＬＤＫ,55,,,,昭和61年,ＳＲＣ,住宅,,,,,商業地域,80.0,500.0,2008年第２四半期,改装済,,6.838849090737256
5001871,中古マンション等,,5201,秋田県,秋田市,山王,秋田,30分?60分,１ＤＫ,30,,,,平成3年,ＳＲＣ,住宅,住宅,,,,商業地域,80.0,400.0,2015年第１四半期,未改装,,6.544068044350276
5020552,中古マンション等,,5201,秋田県,秋田市,大町,秋田,23,３ＬＤＫ,60,,,,平成9年,ＳＲＣ,住宅,,,,,商業地域,80.0,400.0,2012年第１四半期,改装済,,6.991226075692495
5028543,中古マンション等,,5201,秋田県,秋田市,八橋大畑,秋田,30分?60分,３ＬＤＫ,80,,,,平成19年,ＲＣ,住宅,,,,,準工業地域,60.0,200.0,2009年第３四半期,未改装,,7.342422680822207
5026193,中古マンション等,,5201,秋田県,秋田市,保戸野中町,秋田,20,４ＬＤＫ,90,,,,平成13年,ＲＣ,住宅,,,,,近隣商業地域,80.0,200.0,2008年第４四半期,未改装,,7.380211241711606
5003227,中古マンション等,,5201,秋田県,秋田市,中通,秋田,8,３ＬＤＫ,70,,,,平成20年,ＳＲＣ,住宅,住宅,,,,商業地域,80.0,400.0,2016年第４四半期,未改装,,7.3222192947339195
5024542,中古マンション等,,5201,秋田県,秋田市,南通宮田,秋田,16,１ＤＫ＋Ｓ,45,,,,平成3年,ＲＣ,住宅,,,,,第１種中高層住居専用地域,60.0,200.0,2012年第４四半期,未改装,,6.897627091290442
5020860,中古マンション等,,5201,秋田県,秋田市,南通亀の町,秋田,18,２ＬＤＫ,60,,,,昭和63年,ＳＲＣ,住宅,,,,,商業地域,80.0,400.0,2011年第４四半期,未改装,,6.845098040014257
5003402,中古マンション等,,5201,秋田県,秋田市,楢山南中町,秋田,23,３ＬＤＫ,80,,,,平成12年,ＲＣ,住宅,住宅,,,,第１種住居地域,60.0,200.0,2017年第１四半期,未改装,,7.079181246047625
5018817,中古マンション等,,5201,秋田県,秋田市,広面,秋田,30分?60分,２ＤＫ,60,,,,平成19年,ＲＣ,住宅,,,,,近隣商業地域,80.0,200.0,2010年第３四半期,未改装,,7.204119982655925
5003744,中古マンション等,,5201,秋田県,秋田市,東通仲町,秋田,10,１Ｋ,25,,,,昭和62年,鉄骨造,,住宅,,,,第２種住居地域,60.0,200.0,2018年第１四半期,未改装,,6.57978359661681
5025704,中古マンション等,,5201,秋田県,秋田市,千秋矢留町,秋田,18,１Ｋ,15,,,,昭和63年,ＳＲＣ,住宅,,,,,商業地域,80.0,400.0,2009年第１四半期,未改装,,6.176091259055681
5019799,中古マンション等,,5203,秋田県,横手市,駅前町,横手,3,３ＬＤＫ,70,,,,平成22年,ＲＣ,住宅,,,,,商業地域,80.0,400.0,2010年第１四半期,未改装,,7.3222192947339195
5003184,中古マンション等,,5201,秋田県,秋田市,中通,秋田,13,２ＬＤＫ＋Ｓ,65,,,,平成15年,ＲＣ,住宅,住宅,,,,商業地域,80.0,600.0,2018年第２四半期,未改装,,7.342422680822207
5016688,中古マンション等,,5201,秋田県,秋田市,中通,秋田,14,２ＤＫ,45,,,,昭和49年,ＳＲＣ,住宅,住宅,,,,商業地域,80.0,500.0,2014年第２四半期,未改装,,6.447158031342219
5027212,中古マンション等,,5201,秋田県,秋田市,中通,秋田,14,３ＬＤＫ,65,,,,平成19年,ＲＣ,住宅,,,,,商業地域,80.0,400.0,2009年第１四半期,未改装,,7.361727836017593
5026346,中古マンション等,,5201,秋田県,秋田市,南通宮田,秋田,16,３ＬＤＫ,80,,,,平成3年,ＲＣ,住宅,,,,,第１種中高層住居専用地域,60.0,200.0,2007年第４四半期,改装済,,7.230448921378274
5002822,中古マンション等,,5201,秋田県,秋田市,手形,秋田,11,３ＬＤＫ,75,,,,平成18年,ＲＣ,住宅,住宅,,,,第２種中高層住居専用地域,60.0,200.0,2019年第２四半期,未改装,,7.113943352306837
5001069,中古マンション等,,5201,秋田県,秋田市,大町,秋田,21,３ＬＤＫ,70,,,,昭和64年,ＳＲＣ,住宅,住宅,,,,商業地域,80.0,400.0,2016年第４四半期,改装済,,7.079181246047625
5022674,中古マンション等,,5201,秋田県,秋田市,千秋矢留町,秋田,18,１Ｋ,15,,,,昭和63年,ＳＲＣ,住宅,,,,,商業地域,80.0,400.0,2013年第１四半期,,,5.944482672150168
5024459,中古マンション等,,5201,秋田県,秋田市,南通亀の町,秋田,19,２ＬＤＫ,60,,,,昭和63年,ＳＲＣ,住宅,,,,,商業地域,80.0,400.0,2012年第１四半期,改装済,,6.832508912706237
5023924,中古マンション等,,5201,秋田県,秋田市,大町,秋田,24,２ＬＤＫ,50,,,,平成2年,ＲＣ,住宅,,,,,商業地域,80.0,400.0,2009年第４四半期,未改装,,6.6020599913279625
5004073,中古マンション等,,5201,秋田県,秋田市,南通亀の町,秋田,18,２ＬＤＫ,60,,,,昭和63年,ＳＲＣ,住宅,住宅,,,,商業地域,80.0,400.0,2015年第２四半期,改装済,,7.079181246047625
5023393,中古マンション等,,5201,秋田県,秋田市,中通,秋田,14,２ＬＤＫ,65,,,,平成15年,ＲＣ,住宅,,,,,商業地域,80.0,600.0,2012年第１四半期,未改装,,7.361727836017593
5020221,中古マンション等,,5201,秋田県,秋田市,泉中央,秋田,30分?60分,３ＬＤＫ,70,,,,平成18年,ＲＣ,住宅,,,,,第１種住居地域,60.0,200.0,2012年第４四半期,未改装,,7.278753600952829
5024066,中古マンション等,,5201,秋田県,秋田市,中通,秋田,14,３ＬＤＫ,80,,,,平成13年,ＳＲＣ,住宅,,,,,商業地域,80.0,400.0,2013年第２四半期,未改装,,7.041392685158225
5002760,中古マンション等,,5201,秋田県,秋田市,土崎港南,土崎,21,３ＬＤＫ,75,,,,平成16年,ＲＣ,住宅,住宅,,,,第１種住居地域,60.0,200.0,2019年第３四半期,改装済,,7.113943352306837
5002261,中古マンション等,,5201,秋田県,秋田市,千秋矢留町,秋田,18,１Ｋ,15,,,,昭和63年,ＳＲＣ,住宅,住宅,,,,商業地域,80.0,400.0,2018年第２四半期,未改装,,6.6020599913279625
5002295,中古マンション等,,5201,秋田県,秋田市,千秋矢留町,秋田,19,２ＤＫ,40,,,,昭和63年,ＳＲＣ,住宅,住宅,,,,商業地域,80.0,400.0,2015年第２四半期,改装済,,6.892094602690481
5012919,中古マンション等,,5201,秋田県,秋田市,泉北,秋田,30分?60分,３ＬＤＫ,70,,,,平成19年,ＲＣ,住宅,住宅,,,,準工業地域,60.0,200.0,2014年第２四半期,未改装,,7.301029995663981
5020152,中古マンション等,,5201,秋田県,秋田市,泉北,秋田,30分?60分,３ＬＤＫ,80,,,,平成14年,ＳＲＣ,住宅,,,,,準工業地域,60.0,200.0,2012年第１四半期,改装済,,7.278753600952829
5004081,中古マンション等,,5201,秋田県,秋田市,南通築地,秋田,9,２ＬＤＫ,55,,,,平成2年,ＳＲＣ,住宅,住宅,,,,商業地域,80.0,400.0,2019年第１四半期,改装済,,6.968482948553935
5026316,中古マンション等,,5201,秋田県,秋田市,南通築地,秋田,16,１Ｋ,20,,,,平成2年,ＲＣ,住宅,,,,,第１種住居地域,60.0,200.0,2008年第２四半期,未改装,調停・競売等,6.414973347970818
5027337,中古マンション等,,5201,秋田県,秋田市,楢山登町,秋田,30分?60分,３ＬＤＫ,75,,,,平成10年,ＲＣ,住宅,,,,,第１種住居地域,60.0,200.0,2009年第２四半期,未改装,,7.146128035678238
5013580,中古マンション等,,5201,秋田県,秋田市,大町,秋田,19,３ＬＤＫ,75,,,,平成10年,ＳＲＣ,住宅,住宅,,,,商業地域,80.0,400.0,2014年第２四半期,未改装,,7.204119982655925
5025392,中古マンション等,,5201,秋田県,秋田市,八橋大畑,秋田,30分?60分,２ＬＤＫ＋Ｓ,60,,,,平成4年,ＲＣ,住宅,,,,,準工業地域,60.0,200.0,2013年第２四半期,未改装,,6.838849090737256
5004095,中古マンション等,,5201,秋田県,秋田市,南通築地,秋田,14,１Ｋ,20,,,,平成2年,ＲＣ,住宅,住宅,,,,第１種住居地域,60.0,200.0,2016年第２四半期,未改装,,6.3979400086720375
5019796,中古マンション等,,5203,秋田県,横手市,駅前町,横手,3,４ＬＤＫ,85,,,,平成22年,ＲＣ,住宅,,,,,商業地域,80.0,400.0,2010年第１四半期,,,7.447158031342219
5002299,中古マンション等,,5201,秋田県,秋田市,千秋矢留町,秋田,16,３ＬＤＫ,60,,,,昭和64年,ＳＲＣ,住宅,住宅,,,,商業地域,80.0,400.0,2015年第２四半期,改装済,,6.892094602690481
5001466,中古マンション等,,5201,秋田県,秋田市,川元山下町,秋田,30分?60分,３ＬＤＫ,70,,,,平成2年,ＲＣ,住宅,住宅,,,,第１種住居地域,60.0,200.0,2015年第３四半期,未改装,,6.991226075692495
5022086,中古マンション等,,5201,秋田県,秋田市,山王,秋田,30分?60分,２ＬＤＫ,60,,,,平成18年,ＲＣ,住宅,,,,,商業地域,80.0,400.0,2013年第２四半期,改装済,,7.230448921378274
5025104,中古マンション等,,5201,秋田県,秋田市,中通,秋田,13,２ＤＫ,55,,,,昭和61年,ＳＲＣ,住宅,,,,,商業地域,80.0,500.0,2008年第２四半期,改装済,,6.832508912706237
5023946,中古マンション等,,5201,秋田県,秋田市,大町,秋田,25,１ＬＤＫ,60,,,,平成9年,ＳＲＣ,住宅,,,,,商業地域,80.0,400.0,2009年第３四半期,改装済,,7.113943352306837
5015023,中古マンション等,,5201,秋田県,秋田市,川元山下町,秋田,30分?60分,３ＬＤＫ,65,,,,平成2年,ＲＣ,住宅,,,,,第１種住居地域,60.0,200.0,2010年第２四半期,未改装,調停・競売等,6.690196080028514
5019333,中古マンション等,,5201,秋田県,秋田市,千秋中島町,秋田,28,３ＬＤＫ,70,,,,平成4年,ＲＣ,住宅,,,,,第２種中高層住居専用地域,60.0,200.0,2011年第２四半期,改装済,,6.9344984512435675
5020075,中古マンション等,,5201,秋田県,秋田市,中通,秋田,13,３ＬＤＫ,60,,,,昭和63年,ＳＲＣ,住宅,,,,,商業地域,80.0,600.0,2011年第２四半期,未改装,,6.845098040014257
5003204,中古マンション等,,5201,秋田県,秋田市,中通,秋田,12,２ＬＤＫ,65,,,,昭和63年,ＳＲＣ,住宅,住宅,,,,商業地域,80.0,600.0,2017年第３四半期,,,6.778151250383644
5024612,中古マンション等,,5201,秋田県,秋田市,手形,秋田,4,４ＬＤＫ,85,,,,平成19年,ＲＣ,住宅,,,,,商業地域,80.0,400.0,2008年第４四半期,未改装,,7.414973347970818
5004091,中古マンション等,,5201,秋田県,秋田市,南通築地,秋田,9,３ＬＤＫ,60,,,,平成2年,ＳＲＣ,住宅,住宅,,,,商業地域,80.0,400.0,2017年第２四半期,改装済,,6.8750612633917
5001813,中古マンション等,,5201,秋田県,秋田市,山王,秋田,30分?60分,１Ｋ,20,,,,平成5年,ＳＲＣ,住宅,住宅,,,,商業地域,80.0,400.0,2018年第３四半期,未改装,,6.278753600952829
5003966,中古マンション等,,5201,秋田県,秋田市,保戸野すわ町,秋田,25,３ＬＤＫ,70,,,,平成17年,ＳＲＣ,住宅,住宅,,,,第１種住居地域,60.0,200.0,2017年第４四半期,未改装,,7.2552725051033065
5028544,中古マンション等,,5201,秋田県,秋田市,八橋大畑,秋田,30分?60分,４ＬＤＫ,95,,,,平成19年,ＲＣ,住宅,,,,,準工業地域,60.0,200.0,2009年第２四半期,未改装,,7.414973347970818
5014135,中古マンション等,,5201,秋田県,秋田市,川元山下町,秋田,30分?60分,３ＬＤＫ,65,,,,平成2年,ＲＣ,住宅,住宅,,,,第１種住居地域,60.0,200.0,2014年第３四半期,改装済,,7.041392685158225
5021484,中古マンション等,,5201,秋田県,秋田市,山王,秋田,29,１ＤＫ,35,,,,平成2年,ＳＲＣ,住宅,,,,,商業地域,80.0,500.0,2012年第２四半期,未改装,調停・競売等,6.491361693834273
5000623,中古マンション等,,5201,秋田県,秋田市,泉北,秋田,30分?60分,４ＬＤＫ,80,,,,平成14年,ＳＲＣ,,住宅,,,,準工業地域,60.0,200.0,2018年第４四半期,未改装,,7.342422680822207
5023743,中古マンション等,,5201,秋田県,秋田市,千秋矢留町,秋田,25,３ＬＤＫ,65,,,,昭和64年,ＳＲＣ,住宅,,,,,商業地域,80.0,400.0,2008年第２四半期,改装済,,6.892094602690481
5018905,中古マンション等,,5201,秋田県,秋田市,南通築地,秋田,9,２ＬＤＫ,60,,,,平成3年,ＳＲＣ,住宅,,,,,商業地域,80.0,400.0,2010年第２四半期,未改装,,6.838849090737256
5023967,中古マンション等,,5201,秋田県,秋田市,大町,秋田,20,３ＬＤＫ,75,,,,昭和62年,ＳＲＣ,住宅,,,,,商業地域,80.0,400.0,2009年第２四半期,未改装,,6.832508912706237
5020074,中古マンション等,,5201,秋田県,秋田市,中通,秋田,11,１ＬＤＫ,65,,,,平成15年,ＲＣ,住宅,,,,,商業地域,80.0,600.0,2011年第２四半期,,,7.230448921378274
5025083,中古マンション等,,5201,秋田県,秋田市,中通,秋田,10,２ＬＤＫ,55,,,,戦前,ＳＲＣ,住宅,,,,,商業地域,80.0,500.0,2008年第４四半期,未改装,,6.8750612633917
5000625,中古マンション等,,5201,秋田県,秋田市,泉北,秋田,30分?60分,３ＬＤＫ,75,,,,平成19年,ＲＣ,,住宅,,,,準工業地域,60.0,200.0,2018年第３四半期,未改装,,7.342422680822207
5002281,中古マンション等,,5201,秋田県,秋田市,千秋矢留町,秋田,15,１Ｋ,15,,,,昭和63年,ＳＲＣ,住宅,住宅,,,,商業地域,80.0,400.0,2016年第１四半期,改装済,,6.301029995663981
5022454,中古マンション等,,5201,秋田県,秋田市,川元山下町,秋田,30分?60分,３ＬＤＫ,65,,,,平成2年,ＲＣ,住宅,,,,,第１種住居地域,60.0,200.0,2007年第３四半期,未改装,,6.954242509439325
5002274,中古マンション等,,5201,秋田県,秋田市,千秋矢留町,秋田,19,３ＬＤＫ,65,,,,平成20年,ＳＲＣ,住宅,住宅,,,,商業地域,80.0,400.0,2016年第４四半期,未改装,,7.2552725051033065
5021471,中古マンション等,,5201,秋田県,秋田市,山王,秋田,30分?60分,１Ｋ,25,,,,平成3年,ＳＲＣ,住宅,,,,,商業地域,80.0,400.0,2012年第４四半期,未改装,,6.2552725051033065
5016254,中古マンション等,,5201,秋田県,秋田市,千秋矢留町,秋田,20,２ＤＫ,40,,,,平成3年,ＳＲＣ,住宅,,,,,商業地域,80.0,400.0,2010年第２四半期,,,6.633468455579586
5025109,中古マンション等,,5201,秋田県,秋田市,中通,秋田,13,４ＬＤＫ,75,,,,昭和61年,ＳＲＣ,住宅,,,,,商業地域,80.0,500.0,2008年第１四半期,未改装,,7.041392685158225
5001028,中古マンション等,,5201,秋田県,秋田市,大町,秋田,21,４ＬＤＫ,65,,,,平成2年,ＳＲＣ,住宅,住宅,,,,商業地域,80.0,400.0,2019年第２四半期,未改装,,6.672097857935717
5025128,中古マンション等,,5201,秋田県,秋田市,中通,秋田,9,２ＬＤＫ,55,,,,平成9年,ＳＲＣ,住宅,,,,,商業地域,80.0,500.0,2007年第２四半期,改装済,,6.977723605288848
5003908,中古マンション等,,5201,秋田県,秋田市,広面,秋田,30分?60分,３ＬＤＫ,85,,,,平成21年,ＲＣ,住宅,住宅,,,,第１種住居地域,60.0,200.0,2016年第１四半期,改装済,,7.505149978319906
5003994,中古マンション等,,5201,秋田県,秋田市,保戸野通町,秋田,20,３ＬＤＫ,70,,,,平成15年,ＲＣ,住宅,住宅,,,,商業地域,80.0,400.0,2015年第２四半期,未改装,,7.2552725051033065
5003869,中古マンション等,,5201,秋田県,秋田市,広面,秋田,30分?60分,３ＬＤＫ,80,,,,平成19年,ＲＣ,住宅,住宅,,,,近隣商業地域,80.0,200.0,2017年第３四半期,未改装,,7.3979400086720375
5018306,中古マンション等,,5201,秋田県,秋田市,大町,秋田,20,３ＬＤＫ,75,,,,平成14年,ＳＲＣ,住宅,,,,,商業地域,80.0,500.0,2011年第３四半期,未改装,,7.176091259055681
5026518,中古マンション等,,5201,秋田県,秋田市,八橋大畑,秋田,30分?60分,３ＬＤＫ,80,,,,平成19年,ＲＣ,住宅,,,,,準工業地域,60.0,200.0,2008年第２四半期,未改装,,7.380211241711606
5003954,中古マンション等,,5201,秋田県,秋田市,保戸野桜町,秋田,30分?60分,３ＬＤＫ,70,,,,平成17年,ＲＣ,住宅,住宅,,,,第１種住居地域,60.0,200.0,2019年第４四半期,未改装,,7.278753600952829
5018047,中古マンション等,,5201,秋田県,秋田市,南通築地,秋田,9,２ＬＤＫ,60,,,,平成3年,ＳＲＣ,住宅,住宅,,,,商業地域,80.0,400.0,2014年第４四半期,改装済,,6.8750612633917
5003206,中古マンション等,,5201,秋田県,秋田市,中通,秋田,14,２ＬＤＫ＋Ｓ,70,,,,昭和64年,ＳＲＣ,住宅,住宅,,,,商業地域,80.0,500.0,2017年第２四半期,未改装,,7.0
5025129,中古マンション等,,5201,秋田県,秋田市,中通,秋田,6,３ＬＤＫ,60,,,,昭和64年,ＳＲＣ,住宅,,,,,商業地域,80.0,400.0,2007年第２四半期,未改装,,7.041392685158225
5004121,中古マンション等,,5201,秋田県,秋田市,南通宮田,秋田,18,２ＬＤＫ,45,,,,平成3年,ＲＣ,住宅,住宅,,,,第１種中高層住居専用地域,60.0,200.0,2016年第２四半期,改装済,,6.939519252618618
5018908,中古マンション等,,5201,秋田県,秋田市,南通築地,秋田,9,２ＬＤＫ,45,,,,平成2年,ＳＲＣ,住宅,,,,,商業地域,80.0,400.0,2010年第１四半期,改装済,,6.7558748556724915
5015671,中古マンション等,,5201,秋田県,秋田市,山王,秋田,29,１ＬＤＫ,50,,,,平成2年,ＳＲＣ,住宅,,,,,商業地域,80.0,500.0,2010年第２四半期,未改装,調停・競売等,6.653212513775344
5002257,中古マンション等,,5201,秋田県,秋田市,千秋矢留町,秋田,18,４ＬＤＫ,70,,,,昭和64年,ＳＲＣ,住宅,住宅,,,,商業地域,80.0,400.0,2019年第３四半期,改装済,,6.913813852383717
5001829,中古マンション等,,5201,秋田県,秋田市,山王,秋田,30分?60分,２ＬＤＫ,50,,,,平成18年,ＲＣ,住宅,住宅,,,,商業地域,80.0,400.0,2017年第３四半期,未改装,,7.2552725051033065
5027206,中古マンション等,,5201,秋田県,秋田市,中通,秋田,14,３ＬＤＫ,70,,,,平成19年,ＲＣ,住宅,,,,,商業地域,80.0,400.0,2009年第２四半期,,,7.342422680822207
5020055,中古マンション等,,5201,秋田県,秋田市,中通,秋田,13,２ＬＤＫ,65,,,,平成15年,ＲＣ,住宅,,,,,商業地域,80.0,600.0,2011年第３四半期,未改装,,7.278753600952829
5019335,中古マンション等,,5201,秋田県,秋田市,千秋明徳町,秋田,15,２ＬＤＫ＋Ｓ,80,,,,平成19年,ＲＣ,住宅,,,,,商業地域,80.0,400.0,2011年第２四半期,未改装,,7.342422680822207
5027178,中古マンション等,,5201,秋田県,秋田市,中通,秋田,13,２ＤＫ,55,,,,昭和61年,ＳＲＣ,住宅,,,,,商業地域,80.0,500.0,2009年第３四半期,改装済,,6.770852011642144
5026522,中古マンション等,,5201,秋田県,秋田市,八橋大畑,秋田,30分?60分,３ＬＤＫ,80,,,,平成19年,ＲＣ,住宅,,,,,準工業地域,60.0,200.0,2008年第１四半期,改装済,,7.361727836017593
5002301,中古マンション等,,5201,秋田県,秋田市,千秋矢留町,秋田,20,４ＬＤＫ,85,,,,平成9年,ＳＲＣ,住宅,住宅,,,,商業地域,80.0,400.0,2015年第１四半期,未改装,,7.146128035678238
5027197,中古マンション等,,5201,秋田県,秋田市,中通,秋田,14,２ＬＤＫ,70,,,,昭和64年,ＳＲＣ,住宅,,,,,商業地域,80.0,500.0,2009年第２四半期,未改装,,6.845098040014257
5003228,中古マンション等,,5201,秋田県,秋田市,中通,秋田,14,２ＬＤＫ,70,,,,昭和49年,ＳＲＣ,住宅,住宅,,,,商業地域,80.0,500.0,2016年第３四半期,未改装,,6.6020599913279625
5016257,中古マンション等,,5201,秋田県,秋田市,千秋矢留町,秋田,18,１Ｋ,15,,,,昭和63年,ＳＲＣ,住宅,,,,,商業地域,80.0,400.0,2010年第２四半期,未改装,,6.113943352306837
5026015,中古マンション等,,5201,秋田県,秋田市,広面,秋田,30分?60分,３ＬＤＫ,70,,,,平成19年,ＲＣ,住宅,,,,,近隣商業地域,80.0,200.0,2008年第３四半期,未改装,,7.431363764158987
5022017,中古マンション等,,5201,秋田県,秋田市,千秋矢留町,秋田,18,２ＤＫ,35,,,,昭和62年,ＲＣ,住宅,,,,,商業地域,80.0,400.0,2012年第４四半期,改装済,,6.556302500767288
5018917,中古マンション等,,5201,秋田県,秋田市,南通宮田,秋田,16,２ＤＫ,45,,,,平成3年,ＲＣ,住宅,,,,,第１種中高層住居専用地域,60.0,200.0,2010年第１四半期,改装済,,6.633468455579586
5027203,中古マンション等,,5201,秋田県,秋田市,中通,秋田,14,３ＬＤＫ,75,,,,平成14年,ＳＲＣ,住宅,,,,,商業地域,80.0,500.0,2009年第２四半期,未改装,,7.079181246047625
5022669,中古マンション等,,5201,秋田県,秋田市,千秋矢留町,秋田,15,２ＬＤＫ,60,,,,昭和62年,ＳＲＣ,住宅,,,,,商業地域,80.0,400.0,2013年第３四半期,未改装,,6.8750612633917
5003167,中古マンション等,,5201,秋田県,秋田市,中通,秋田,13,２ＤＫ,50,,,,平成15年,ＲＣ,,住宅,,,,商業地域,80.0,600.0,2019年第２四半期,未改装,,7.146128035678238
5003158,中古マンション等,,5201,秋田県,秋田市,中通,秋田,11,３ＬＤＫ,75,,,,平成14年,ＳＲＣ,住宅,住宅,,,,商業地域,80.0,400.0,2019年第４四半期,改装済,,7.342422680822207
5023248,中古マンション等,,5201,秋田県,秋田市,土崎港中央,土崎,8,２ＬＤＫ,45,,,,昭和64年,鉄骨造,住宅,,,,,商業地域,80.0,400.0,2013年第４四半期,未改装,,6.3979400086720375
5023930,中古マンション等,,5201,秋田県,秋田市,大町,秋田,23,３ＬＤＫ,65,,,,昭和64年,ＳＲＣ,住宅,,,,,商業地域,80.0,400.0,2009年第４四半期,改装済,,6.944482672150168
5002769,中古マンション等,,5201,秋田県,秋田市,土崎港南,土崎,26,４ＬＤＫ,80,,,,平成16年,ＲＣ,住宅,住宅,,,,第１種住居地域,60.0,200.0,2018年第４四半期,未改装,,7.204119982655925
5002227,中古マンション等,,5201,秋田県,秋田市,千秋城下町,秋田,10,２ＬＤＫ＋Ｓ,70,,,,平成8年,ＳＲＣ,住宅,住宅,,,,近隣商業地域,80.0,200.0,2018年第２四半期,未改装,,7.079181246047625
5001789,中古マンション等,,5201,秋田県,秋田市,山王,秋田,30分?60分,１ＬＤＫ,45,,,,平成2年,ＳＲＣ,住宅,住宅,,,,商業地域,80.0,500.0,2019年第４四半期,改装済,,6.857332496431268
5019795,中古マンション等,,5203,秋田県,横手市,駅前町,横手,3,４ＬＤＫ,85,,,,平成22年,ＲＣ,住宅,,,,,商業地域,80.0,400.0,2010年第１四半期,,,7.447158031342219
5016668,中古マンション等,,5201,秋田県,秋田市,中通,秋田,12,２ＬＤＫ,55,,,,昭和63年,ＳＲＣ,住宅,住宅,,,,商業地域,80.0,600.0,2014年第４四半期,改装済,調停・競売等,6.748188027006201
5025694,中古マンション等,,5201,秋田県,秋田市,千秋矢留町,秋田,24,３ＤＫ,50,,,,平成3年,ＳＲＣ,住宅,,,,,商業地域,80.0,400.0,2009年第２四半期,未改装,,6.7558748556724915
5002224,中古マンション等,,5201,秋田県,秋田市,千秋城下町,秋田,10,２ＬＤＫ＋Ｓ,70,,,,平成8年,ＳＲＣ,住宅,住宅,,,,近隣商業地域,80.0,200.0,2018年第３四半期,改装済,,7.176091259055681
5022026,中古マンション等,,5201,秋田県,秋田市,千秋矢留町,秋田,24,３ＬＤＫ,50,,,,平成3年,ＳＲＣ,住宅,,,,,商業地域,80.0,400.0,2012年第２四半期,改装済,,6.845098040014257
5020181,中古マンション等,,5201,秋田県,秋田市,楢山南中町,秋田,23,４ＬＤＫ,95,,,,昭和64年,ＲＣ,住宅,,,,,商業地域,80.0,400.0,2011年第２四半期,,,7.2552725051033065
5026000,中古マンション等,,5201,秋田県,秋田市,広面,秋田,30分?60分,３ＬＤＫ,65,,,,平成19年,ＲＣ,住宅,,,,,近隣商業地域,80.0,200.0,2008年第４四半期,未改装,,7.431363764158987
5004288,中古マンション等,,5201,秋田県,秋田市,八橋三和町,秋田,30分?60分,３ＬＤＫ,75,,,,平成14年,ＳＲＣ,,住宅,,,,第２種中高層住居専用地域,60.0,200.0,2019年第４四半期,,,7.278753600952829
5019800,中古マンション等,,5203,秋田県,横手市,駅前町,横手,3,４ＬＤＫ,85,,,,平成22年,ＲＣ,住宅,,,,,商業地域,80.0,400.0,2010年第１四半期,,,7.414973347970818
5020059,中古マンション等,,5201,秋田県,秋田市,中通,秋田,14,３ＬＤＫ,80,,,,平成13年,ＳＲＣ,住宅,,,,,商業地域,80.0,400.0,2011年第３四半期,未改装,,7.3222192947339195
5020720,中古マンション等,,5201,秋田県,秋田市,広面,秋田,30分?60分,３ＬＤＫ,80,,,,平成19年,ＲＣ,住宅,,,,,近隣商業地域,80.0,200.0,2011年第４四半期,未改装,,7.342422680822207
5013846,中古マンション等,,5201,秋田県,秋田市,泉北,秋田,30分?60分,３ＬＤＫ,70,,,,平成17年,ＲＣ,住宅,,,,,第１種住居地域,60.0,200.0,2010年第２四半期,未改装,調停・競売等,6.986771734266245
5024668,中古マンション等,,5201,秋田県,秋田市,八橋大畑,秋田,30分?60分,３ＬＤＫ,70,,,,平成4年,ＲＣ,住宅,,,,,準工業地域,60.0,200.0,2012年第４四半期,改装済,,7.0
5017737,中古マンション等,,5201,秋田県,秋田市,中通,秋田,13,１Ｋ,20,,,,昭和61年,ＳＲＣ,住宅,,,,,商業地域,80.0,500.0,2010年第２四半期,未改装,,6.230448921378274
5022667,中古マンション等,,5201,秋田県,秋田市,千秋矢留町,秋田,18,２ＬＤＫ,50,,,,昭和62年,ＳＲＣ,住宅,,,,,商業地域,80.0,400.0,2013年第３四半期,改装済,,6.681241237375588
5001859,中古マンション等,,5201,秋田県,秋田市,山王,秋田,30分?60分,１Ｒ,20,,,,平成5年,ＳＲＣ,住宅,その他,,,,商業地域,80.0,400.0,2015年第４四半期,未改装,,6.301029995663981
5024071,中古マンション等,,5201,秋田県,秋田市,中通,秋田,16,,35,,,,昭和55年,ＳＲＣ,住宅,,,,,商業地域,80.0,500.0,2013年第２四半期,,,6.230448921378274
5018851,中古マンション等,,5201,秋田県,秋田市,川元山下町,秋田,30分?60分,３ＬＤＫ,65,,,,平成2年,ＲＣ,住宅,,,,,第１種住居地域,60.0,200.0,2011年第２四半期,改装済,,6.963787827345556
5001832,中古マンション等,,5201,秋田県,秋田市,山王,秋田,30分?60分,１ＤＫ,30,,,,平成3年,ＳＲＣ,住宅,,,,,商業地域,80.0,400.0,2017年第２四半期,未改装,,6.57978359661681
5024058,中古マンション等,,5201,秋田県,秋田市,中通,秋田,14,２ＬＤＫ,50,,,,平成13年,ＳＲＣ,住宅,,,,,商業地域,80.0,400.0,2013年第２四半期,改装済,,7.146128035678238
5023346,中古マンション等,,5201,秋田県,秋田市,中通,秋田,14,４ＬＤＫ,80,,,,昭和64年,ＳＲＣ,住宅,,,,,商業地域,80.0,500.0,2012年第３四半期,未改装,,7.041392685158225
5017776,中古マンション等,,5201,秋田県,秋田市,中通,秋田,11,４ＬＤＫ,90,,,,平成15年,ＲＣ,住宅,,,,,商業地域,80.0,600.0,2010年第１四半期,未改装,,7.414973347970818
5022505,中古マンション等,,5201,秋田県,秋田市,千秋久保田町,秋田,8,３ＬＤＫ,65,,,,平成17年,ＳＲＣ,住宅,,,,,商業地域,80.0,400.0,2013年第２四半期,改装済,,7.204119982655925
5023181,中古マンション等,,5201,秋田県,秋田市,山王,秋田,28,３ＬＤＫ,100,,,,平成14年,ＳＲＣ,住宅,,,,,商業地域,80.0,500.0,2007年第４四半期,未改装,,7.3979400086720375
5026514,中古マンション等,,5201,秋田県,秋田市,八橋大畑,秋田,30分?60分,３ＬＤＫ,85,,,,平成19年,ＲＣ,住宅,,,,,準工業地域,60.0,200.0,2008年第３四半期,未改装,,7.342422680822207
5004127,中古マンション等,,5201,秋田県,秋田市,南通宮田,秋田,16,２ＤＫ,45,,,,平成3年,ＲＣ,住宅,住宅,,,,第１種中高層住居専用地域,60.0,200.0,2015年第２四半期,改装済,,6.7923916894982534
5014711,中古マンション等,,5201,秋田県,秋田市,山王,秋田,29,２ＬＤＫ,50,,,,平成2年,ＳＲＣ,住宅,住宅,,,,商業地域,80.0,500.0,2014年第３四半期,改装済,,6.991226075692495
5001805,中古マンション等,,5201,秋田県,秋田市,山王,秋田,30分?60分,２ＤＫ,40,,,,昭和61年,ＲＣ,住宅,住宅,,,,商業地域,80.0,400.0,2019年第１四半期,未改装,,6.633468455579586
5021478,中古マンション等,,5201,秋田県,秋田市,山王,秋田,30分?60分,３ＬＤＫ,70,,,,平成14年,ＳＲＣ,住宅,,,,,商業地域,80.0,500.0,2012年第３四半期,未改装,,7.176091259055681
5021081,中古マンション等,,5201,秋田県,秋田市,大町,秋田,21,２ＤＫ,45,,,,平成2年,ＳＲＣ,住宅,,,,,商業地域,80.0,400.0,2013年第３四半期,未改装,,6.7923916894982534
5013572,中古マンション等,,5201,秋田県,秋田市,大町,秋田,21,３ＬＤＫ,90,,,,昭和58年,ＳＲＣ,住宅,住宅,,,,商業地域,80.0,500.0,2014年第４四半期,改装済,,7.477121254719663
5003207,中古マンション等,,5201,秋田県,秋田市,中通,秋田,14,２ＬＤＫ,45,,,,昭和49年,ＳＲＣ,住宅,住宅,,,,商業地域,80.0,500.0,2017年第２四半期,,,6.690196080028514
5025824,中古マンション等,,5201,秋田県,秋田市,東通仲町,秋田,10,１Ｋ,25,,,,昭和62年,鉄骨造,住宅,,,,,第２種住居地域,60.0,200.0,2007年第２四半期,未改装,調停・競売等,6.361727836017593
5002287,中古マンション等,,5201,秋田県,秋田市,千秋矢留町,秋田,15,３ＬＤＫ,65,,,,昭和62年,ＳＲＣ,住宅,住宅,,,,商業地域,80.0,400.0,2015年第４四半期,,,6.7558748556724915
5001050,中古マンション等,,5201,秋田県,秋田市,大町,秋田,19,３ＬＤＫ,75,,,,平成10年,ＳＲＣ,住宅,住宅,,,,商業地域,80.0,400.0,2018年第２四半期,未改装,,7.113943352306837
5002249,中古マンション等,,5201,秋田県,秋田市,千秋明徳町,秋田,15,４ＬＤＫ,90,,,,平成19年,ＲＣ,住宅,住宅,,,,商業地域,80.0,400.0,2016年第４四半期,未改装,,7.505149978319906
5021080,中古マンション等,,5201,秋田県,秋田市,大町,秋田,21,３ＬＤＫ,50,,,,平成2年,ＳＲＣ,住宅,,,,,商業地域,80.0,400.0,2013年第３四半期,未改装,,6.7923916894982534
5023748,中古マンション等,,5201,秋田県,秋田市,千秋矢留町,秋田,18,１Ｋ,15,,,,昭和63年,ＳＲＣ,住宅,,,,,商業地域,80.0,400.0,2008年第１四半期,未改装,,6.3222192947339195
5002899,中古マンション等,,5201,秋田県,秋田市,手形,秋田,11,２ＬＤＫ,60,,,,平成18年,ＲＣ,住宅,住宅,,,,第２種中高層住居専用地域,60.0,200.0,2015年第３四半期,未改装,,7.278753600952829
5002825,中古マンション等,,5201,秋田県,秋田市,手形,秋田,5,４ＬＤＫ,85,,,,平成20年,ＲＣ,,住宅,,,,第２種住居地域,60.0,200.0,2019年第１四半期,未改装,,7.491361693834273
5014058,中古マンション等,,5201,秋田県,秋田市,泉南,秋田,30分?60分,２ＬＤＫ,65,,,,平成15年,ＲＣ,住宅,,,,,第２種中高層住居専用地域,60.0,200.0,2010年第３四半期,未改装,,7.230448921378274
5016247,中古マンション等,,5201,秋田県,秋田市,千秋矢留町,秋田,18,１Ｒ,15,,,,昭和63年,ＳＲＣ,住宅,,,,,商業地域,80.0,400.0,2010年第３四半期,未改装,,6.041392685158225
5023182,中古マンション等,,5201,秋田県,秋田市,山王,秋田,30分?60分,１ＤＫ,30,,,,昭和61年,ＲＣ,住宅,,,,,商業地域,80.0,500.0,2007年第４四半期,未改装,,6.6020599913279625
5024669,中古マンション等,,5201,秋田県,秋田市,八橋大畑,秋田,30分?60分,４ＬＤＫ,70,,,,平成4年,ＲＣ,住宅,,,,,準工業地域,60.0,200.0,2012年第４四半期,未改装,,6.892094602690481
5024076,中古マンション等,,5201,秋田県,秋田市,中通,秋田,20,２ＤＫ,45,,,,平成2年,ＳＲＣ,住宅,,,,,商業地域,80.0,400.0,2013年第１四半期,改装済,,6.724275869600789
5023332,中古マンション等,,5201,秋田県,秋田市,中通,秋田,14,２ＬＤＫ,55,,,,平成19年,ＲＣ,住宅,,,,,商業地域,80.0,400.0,2012年第４四半期,未改装,,7.230448921378274
5003156,中古マンション等,,5201,秋田県,秋田市,中通,秋田,14,３ＬＤＫ,70,,,,平成13年,ＳＲＣ,住宅,住宅,,,,商業地域,80.0,400.0,2019年第４四半期,改装済,,7.204119982655925
5002275,中古マンション等,,5201,秋田県,秋田市,千秋矢留町,秋田,19,３ＬＤＫ,65,,,,平成20年,ＳＲＣ,住宅,住宅,,,,商業地域,80.0,400.0,2016年第４四半期,改装済,,7.3222192947339195
5018981,中古マンション等,,5201,秋田県,秋田市,八橋大畑,秋田,30分?60分,３ＬＤＫ,80,,,,平成19年,ＲＣ,住宅,,,,,準工業地域,60.0,200.0,2010年第１四半期,未改装,,7.3222192947339195
5024048,中古マンション等,,5201,秋田県,秋田市,中通,秋田,20,２ＬＤＫ,65,,,,平成2年,ＳＲＣ,住宅,,,,,商業地域,80.0,400.0,2013年第３四半期,未改装,,6.740362689494244
5003259,中古マンション等,,5201,秋田県,秋田市,中通,秋田,20,２ＬＤＫ＋Ｓ,65,,,,平成2年,ＳＲＣ,住宅,住宅,,,,商業地域,80.0,400.0,2015年第２四半期,未改装,,6.845098040014257
5025092,中古マンション等,,5201,秋田県,秋田市,中通,秋田,14,２ＬＤＫ,60,,,,昭和64年,ＳＲＣ,住宅,,,,,商業地域,80.0,500.0,2008年第３四半期,未改装,,6.812913356642856
5026004,中古マンション等,,5201,秋田県,秋田市,広面,秋田,30分?60分,３ＬＤＫ,65,,,,平成19年,ＲＣ,住宅,,,,,近隣商業地域,80.0,200.0,2008年第４四半期,未改装,,7.342422680822207
5024064,中古マンション等,,5201,秋田県,秋田市,中通,秋田,8,３ＬＤＫ,70,,,,平成20年,ＳＲＣ,住宅,,,,,商業地域,80.0,400.0,2013年第２四半期,未改装,,7.079181246047625
5003220,中古マンション等,,5201,秋田県,秋田市,中通,秋田,14,３ＬＤＫ,75,,,,平成14年,ＳＲＣ,住宅,住宅,,,,商業地域,80.0,500.0,2017年第１四半期,,,7.230448921378274
5001064,中古マンション等,,5201,秋田県,秋田市,大町,秋田,19,３ＬＤＫ,75,,,,平成14年,ＳＲＣ,,住宅,,,,商業地域,80.0,500.0,2017年第３四半期,未改装,,7.204119982655925
5001845,中古マンション等,,5201,秋田県,秋田市,山王,秋田,30分?60分,１Ｋ,20,,,,平成5年,ＳＲＣ,住宅,住宅,,,,商業地域,80.0,400.0,2016年第３四半期,未改装,,6.3222192947339195
5001088,中古マンション等,,5201,秋田県,秋田市,大町,秋田,20,４ＬＤＫ,65,,,,平成2年,ＳＲＣ,住宅,その他,,,,商業地域,80.0,400.0,2015年第２四半期,未改装,,6.6020599913279625
5013574,中古マンション等,,5201,秋田県,秋田市,大町,秋田,21,１ＬＤＫ,55,,,,平成2年,ＳＲＣ,住宅,住宅,,,,商業地域,80.0,400.0,2014年第３四半期,未改装,,6.832508912706237
5001787,中古マンション等,,5201,秋田県,秋田市,山王,秋田,30分?60分,２ＤＫ,40,,,,平成5年,ＳＲＣ,住宅,住宅,,,,商業地域,80.0,400.0,2019年第４四半期,改装済,,6.763427993562937
5026520,中古マンション等,,5201,秋田県,秋田市,八橋大畑,秋田,30分?60分,４ＬＤＫ,95,,,,平成19年,ＲＣ,住宅,,,,,準工業地域,60.0,200.0,2008年第１四半期,未改装,,7.414973347970818
5003171,中古マンション等,,5201,秋田県,秋田市,中通,秋田,13,２ＬＤＫ,65,,,,昭和63年,ＳＲＣ,住宅,住宅,,,,商業地域,80.0,600.0,2019年第２四半期,未改装,,6.954242509439325
5018312,中古マンション等,,5201,秋田県,秋田市,大町,秋田,21,２ＬＤＫ,50,,,,平成2年,ＳＲＣ,住宅,,,,,商業地域,80.0,400.0,2011年第１四半期,未改装,,6.770852011642144
5022671,中古マンション等,,5201,秋田県,秋田市,千秋矢留町,秋田,20,１Ｒ,15,,,,昭和63年,ＳＲＣ,住宅,,,,,商業地域,80.0,400.0,2013年第２四半期,改装済,,6.176091259055681
5016694,中古マンション等,,5201,秋田県,秋田市,中通,秋田,14,３ＬＤＫ,80,,,,平成19年,ＲＣ,住宅,,,,,商業地域,80.0,400.0,2014年第１四半期,改装済,,7.414973347970818
5004061,中古マンション等,,5201,秋田県,秋田市,南通亀の町,秋田,18,２ＬＤＫ,55,,,,昭和63年,ＳＲＣ,住宅,住宅,,,,商業地域,80.0,400.0,2017年第２四半期,改装済,,7.041392685158225
5001811,中古マンション等,,5201,秋田県,秋田市,山王,秋田,30分?60分,１Ｋ,20,,,,平成5年,ＳＲＣ,住宅,住宅,,,,商業地域,80.0,400.0,2018年第４四半期,未改装,,6.113943352306837
5016692,中古マンション等,,5201,秋田県,秋田市,中通,秋田,6,４ＬＤＫ,70,,,,昭和64年,ＳＲＣ,住宅,,,,,商業地域,80.0,400.0,2014年第１四半期,未改装,,7.113943352306837
5022084,中古マンション等,,5201,秋田県,秋田市,山王,秋田,30分?60分,１Ｋ,20,,,,平成5年,ＳＲＣ,住宅,,,,,商業地域,80.0,400.0,2013年第２四半期,未改装,,6.301029995663981
5022028,中古マンション等,,5201,秋田県,秋田市,千秋矢留町,秋田,25,３ＬＤＫ,65,,,,昭和64年,ＳＲＣ,住宅,,,,,商業地域,80.0,400.0,2012年第２四半期,未改装,,6.991226075692495
5024078,中古マンション等,,5201,秋田県,秋田市,中通,秋田,14,１ＬＤＫ＋Ｓ,45,,,,昭和63年,ＳＲＣ,住宅,,,,,商業地域,80.0,400.0,2013年第１四半期,改装済,,6.826074802700826
5024038,中古マンション等,,5201,秋田県,秋田市,中通,秋田,14,２ＬＤＫ,55,,,,平成19年,ＲＣ,住宅,,,,,商業地域,80.0,400.0,2013年第４四半期,未改装,,7.230448921378274
5024051,中古マンション等,,5201,秋田県,秋田市,中通,秋田,14,１ＤＫ,45,,,,昭和63年,ＳＲＣ,住宅,,,,,商業地域,80.0,400.0,2013年第３四半期,未改装,,6.826074802700826
5003202,中古マンション等,,5201,秋田県,秋田市,中通,秋田,14,１Ｋ,20,,,,昭和49年,ＳＲＣ,住宅,住宅,,,,商業地域,80.0,500.0,2017年第３四半期,改装済,,6.301029995663981
5022022,中古マンション等,,5201,秋田県,秋田市,千秋矢留町,秋田,20,３ＬＤＫ,75,,,,平成20年,ＳＲＣ,住宅,,,,,商業地域,80.0,400.0,2012年第３四半期,未改装,,7.146128035678238
5023975,中古マンション等,,5201,秋田県,秋田市,大町,秋田,25,２ＬＤＫ,55,,,,平成9年,ＳＲＣ,住宅,,,,,商業地域,80.0,400.0,2009年第１四半期,未改装,調停・競売等,6.785329835010767
5018050,中古マンション等,,5201,秋田県,秋田市,南通築地,秋田,9,３ＬＤＫ,65,,,,平成2年,ＳＲＣ,住宅,住宅,,,,商業地域,80.0,400.0,2014年第３四半期,未改装,,6.929418925714293
5002277,中古マンション等,,5201,秋田県,秋田市,千秋矢留町,秋田,18,,15,,,,昭和63年,ＳＲＣ,住宅,,,,,商業地域,80.0,400.0,2016年第４四半期,,,6.544068044350276
5003190,中古マンション等,,5201,秋田県,秋田市,中通,秋田,20,３ＬＤＫ,50,,,,平成2年,ＳＲＣ,,住宅,,,,商業地域,80.0,400.0,2018年第１四半期,改装済,,6.903089986991944
5024054,中古マンション等,,5201,秋田県,秋田市,中通,秋田,14,３ＬＤＫ,75,,,,平成19年,ＲＣ,住宅,,,,,商業地域,80.0,400.0,2013年第２四半期,,,7.342422680822207
5024044,中古マンション等,,5201,秋田県,秋田市,中通,秋田,13,３ＬＤＫ,80,,,,昭和61年,ＳＲＣ,住宅,,,,,商業地域,80.0,500.0,2013年第３四半期,,,7.041392685158225
5024493,中古マンション等,,5201,秋田県,秋田市,土崎港南,土崎,26,３ＬＤＫ,70,,,,平成16年,ＲＣ,住宅,,,,,第１種住居地域,60.0,200.0,2008年第２四半期,未改装,,7.2552725051033065
5025684,中古マンション等,,5201,秋田県,秋田市,千秋矢留町,秋田,24,２ＤＫ,40,,,,平成3年,ＳＲＣ,住宅,,,,,商業地域,80.0,400.0,2009年第４四半期,未改装,,6.690196080028514
5003224,中古マンション等,,5201,秋田県,秋田市,中通,秋田,16,１Ｋ,15,,,,昭和55年,ＳＲＣ,住宅,,,,,商業地域,80.0,500.0,2016年第４四半期,改装済,,5.698970004336019
5001798,中古マンション等,,5201,秋田県,秋田市,山王,秋田,30分?60分,４ＬＤＫ,90,,,,平成14年,ＳＲＣ,住宅,住宅,,,,商業地域,80.0,500.0,2019年第２四半期,未改装,,7.301029995663981
5001038,中古マンション等,,5201,秋田県,秋田市,大町,秋田,21,１ＤＫ,40,,,,昭和64年,ＳＲＣ,住宅,住宅,,,,商業地域,80.0,400.0,2018年第４四半期,改装済,,6.643452676486188
5016662,中古マンション等,,5201,秋田県,秋田市,中通,秋田,16,１Ｋ,20,,,,昭和55年,ＳＲＣ,住宅,住宅,,,,商業地域,80.0,500.0,2014年第４四半期,未改装,,6.079181246047625
5003200,中古マンション等,,5201,秋田県,秋田市,中通,秋田,14,１Ｋ,25,,,,昭和63年,ＳＲＣ,,住宅,,,,商業地域,80.0,400.0,2017年第４四半期,未改装,,6.544068044350276
5002266,中古マンション等,,5201,秋田県,秋田市,千秋矢留町,秋田,18,,65,,,,昭和64年,ＳＲＣ,住宅,住宅,,,,商業地域,80.0,400.0,2017年第４四半期,未改装,,6.845098040014257
5014435,中古マンション等,,5201,秋田県,秋田市,大町,秋田,25,３ＬＤＫ,60,,,,平成9年,ＳＲＣ,住宅,,,,,商業地域,80.0,400.0,2010年第４四半期,未改装,,6.832508912706237
5002243,中古マンション等,,5201,秋田県,秋田市,千秋中島町,秋田,21,３ＬＤＫ,70,,,,平成4年,ＲＣ,住宅,住宅,,,,第２種中高層住居専用地域,60.0,200.0,2016年第１四半期,改装済,,7.079181246047625
5003183,中古マンション等,,5201,秋田県,秋田市,中通,秋田,16,１Ｋ,15,,,,昭和55年,ＳＲＣ,住宅,住宅,,,,商業地域,80.0,500.0,2018年第２四半期,未改装,,5.778151250383644
5018906,中古マンション等,,5201,秋田県,秋田市,南通築地,秋田,9,２ＬＤＫ,45,,,,平成2年,ＳＲＣ,住宅,,,,,商業地域,80.0,400.0,2010年第２四半期,未改装,,6.778151250383644
5022097,中古マンション等,,5201,秋田県,秋田市,山王,秋田,30分?60分,３ＬＤＫ,80,,,,平成16年,ＲＣ,住宅,,,,,商業地域,80.0,400.0,2013年第１四半期,未改装,,7.2552725051033065
5003904,中古マンション等,,5201,秋田県,秋田市,広面,秋田,30分?60分,３ＬＤＫ,90,,,,平成12年,ＲＣ,住宅,住宅,,,,近隣商業地域,80.0,200.0,2016年第２四半期,改装済,,7.361727836017593
5024068,中古マンション等,,5201,秋田県,秋田市,中通,秋田,13,２ＤＫ,45,,,,昭和49年,ＳＲＣ,住宅,,,,,商業地域,80.0,500.0,2013年第２四半期,未改装,,6.431363764158987
5023345,中古マンション等,,5201,秋田県,秋田市,中通,秋田,14,３ＬＤＫ,85,,,,昭和64年,ＳＲＣ,住宅,,,,,商業地域,80.0,500.0,2012年第３四半期,未改装,,7.041392685158225
5024780,中古マンション等,,5201,秋田県,秋田市,東通仲町,秋田,10,１Ｋ,25,,,,昭和62年,鉄骨造,住宅,,,,,第２種住居地域,60.0,200.0,2013年第２四半期,,,6.342422680822207
5021885,中古マンション等,,5201,秋田県,秋田市,大町,秋田,20,４ＬＤＫ,95,,,,平成14年,ＳＲＣ,住宅,,,,,商業地域,80.0,500.0,2008年第３四半期,未改装,,7.342422680822207
5004008,中古マンション等,,5201,秋田県,秋田市,保戸野中町,秋田,16,３ＬＤＫ,80,,,,平成16年,ＳＲＣ,住宅,住宅,,,,近隣商業地域,80.0,200.0,2015年第１四半期,未改装,,7.301029995663981
5019794,中古マンション等,,5203,秋田県,横手市,駅前町,横手,3,４ＬＤＫ,85,,,,平成22年,ＲＣ,住宅,,,,,商業地域,80.0,400.0,2010年第１四半期,,,7.431363764158987
5004208,中古マンション等,,5201,秋田県,秋田市,八橋大畑,秋田,30分?60分,１ＬＤＫ＋Ｓ,60,,,,平成4年,ＲＣ,住宅,住宅,,,,準工業地域,60.0,200.0,2018年第３四半期,未改装,,6.977723605288848
5002258,中古マンション等,,5201,秋田県,秋田市,千秋矢留町,秋田,18,３ＬＤＫ,65,,,,平成20年,ＳＲＣ,住宅,住宅,,,,商業地域,80.0,400.0,2019年第３四半期,,,7.3222192947339195
5021039,中古マンション等,,5201,秋田県,秋田市,八橋大畑,秋田,30分?60分,３ＬＤＫ,65,,,,平成4年,ＲＣ,住宅,,,,,準工業地域,60.0,200.0,2011年第３四半期,未改装,調停・競売等,6.903089986991944
5003216,中古マンション等,,5201,秋田県,秋田市,中通,秋田,8,３ＬＤＫ,70,,,,平成20年,ＳＲＣ,住宅,住宅,,,,商業地域,80.0,400.0,2017年第１四半期,未改装,,7.380211241711606
5023368,中古マンション等,,5201,秋田県,秋田市,中通,秋田,18,３ＬＤＫ,70,,,,昭和64年,ＳＲＣ,住宅,,,,,商業地域,80.0,500.0,2012年第１四半期,未改装,,6.99563519459755
5018980,中古マンション等,,5201,秋田県,秋田市,八橋大畑,秋田,30分?60分,４ＬＤＫ,95,,,,平成19年,ＲＣ,住宅,,,,,準工業地域,60.0,200.0,2010年第２四半期,未改装,,7.361727836017593
5002254,中古マンション等,,5201,秋田県,秋田市,千秋矢留町,秋田,18,１Ｋ,15,,,,昭和63年,ＳＲＣ,住宅,住宅,,,,商業地域,80.0,400.0,2019年第４四半期,改装済,,6.079181246047625
5019789,中古マンション等,,5203,秋田県,横手市,駅前町,横手,3,２ＬＤＫ,55,,,,平成22年,ＲＣ,住宅,,,,,商業地域,80.0,400.0,2010年第１四半期,,,7.230448921378274
5001039,中古マンション等,,5201,秋田県,秋田市,大町,秋田,19,２ＬＤＫ,60,,,,昭和62年,ＳＲＣ,住宅,住宅,,,,商業地域,80.0,400.0,2018年第４四半期,未改装,,6.919078092376074
5002236,中古マンション等,,5201,秋田県,秋田市,千秋中島町,秋田,23,３ＬＤＫ,70,,,,平成4年,ＲＣ,住宅,住宅,,,,第２種中高層住居専用地域,60.0,200.0,2019年第２四半期,未改装,,7.079181246047625
5002290,中古マンション等,,5201,秋田県,秋田市,千秋矢留町,秋田,20,３ＬＤＫ,70,,,,平成20年,ＳＲＣ,住宅,住宅,,,,商業地域,80.0,400.0,2015年第３四半期,未改装,,7.301029995663981
5002293,中古マンション等,,5201,秋田県,秋田市,千秋矢留町,秋田,20,４ＬＤＫ,95,,,,平成19年,ＲＣ,住宅,住宅,,,,商業地域,80.0,400.0,2015年第３四半期,未改装,,7.447158031342219
5021892,中古マンション等,,5201,秋田県,秋田市,大町,秋田,25,２ＬＤＫ,55,,,,平成9年,ＳＲＣ,住宅,,,,,商業地域,80.0,400.0,2007年第４四半期,未改装,調停・競売等,6.832508912706237
5019396,中古マンション等,,5201,秋田県,秋田市,千秋矢留町,秋田,23,３ＬＤＫ,70,,,,平成20年,ＳＲＣ,住宅,,,,,商業地域,80.0,400.0,2011年第３四半期,未改装,,7.3222192947339195
5023382,中古マンション等,,5201,秋田県,秋田市,中通,秋田,13,４ＤＫ,70,,,,昭和49年,ＳＲＣ,住宅,,,,,商業地域,80.0,500.0,2012年第１四半期,未改装,,6.431363764158987
5002278,中古マンション等,,5201,秋田県,秋田市,千秋矢留町,秋田,19,２ＤＫ,40,,,,平成3年,ＳＲＣ,住宅,住宅,,,,商業地域,80.0,400.0,2016年第３四半期,改装済,,6.740362689494244
5003337,中古マンション等,,5201,秋田県,秋田市,楢山登町,秋田,30分?60分,３ＬＤＫ,75,,,,平成10年,ＲＣ,住宅,住宅,,,,第１種住居地域,60.0,200.0,2018年第２四半期,未改装,,7.230448921378274
5025114,中古マンション等,,5201,秋田県,秋田市,中通,秋田,16,１ＤＫ,15,,,,昭和55年,ＳＲＣ,住宅,,,,,商業地域,80.0,500.0,2008年第１四半期,未改装,,6.301029995663981
5003250,中古マンション等,,5201,秋田県,秋田市,中通,秋田,13,１Ｒ,25,,,,昭和49年,ＳＲＣ,住宅,住宅,,,,商業地域,80.0,500.0,2015年第４四半期,,,6.113943352306837
5019115,中古マンション等,,5201,秋田県,秋田市,山王,秋田,29,２ＬＤＫ,50,,,,平成2年,ＳＲＣ,住宅,,,,,商業地域,80.0,500.0,2011年第４四半期,未改装,,6.819543935541868
5017760,中古マンション等,,5201,秋田県,秋田市,中通,秋田,13,２ＤＫ,45,,,,昭和49年,ＳＲＣ,住宅,,,,,商業地域,80.0,500.0,2010年第１四半期,未改装,,6.3979400086720375
5023574,中古マンション等,,5201,秋田県,秋田市,手形,秋田,6,,55,,,,平成20年,ＲＣ,住宅,,,,,第２種住居地域,60.0,200.0,2013年第１四半期,,,7.301029995663981
5001022,中古マンション等,,5201,秋田県,秋田市,大町,秋田,20,オープンフロア,60,,,,平成2年,ＳＲＣ,事務所,事務所,,,,商業地域,80.0,400.0,2019年第３四半期,未改装,,6.863322860120456
5004216,中古マンション等,,5201,秋田県,秋田市,八橋大畑,秋田,30分?60分,３ＬＤＫ,60,,,,平成4年,ＲＣ,住宅,住宅,,,,準工業地域,60.0,200.0,2016年第３四半期,未改装,,6.913813852383717
5004057,中古マンション等,,5201,秋田県,秋田市,南通亀の町,秋田,18,３ＬＤＫ,75,,,,昭和63年,ＳＲＣ,住宅,住宅,,,,商業地域,80.0,400.0,2018年第３四半期,改装済,,7.041392685158225
5003750,中古マンション等,,5201,秋田県,秋田市,東通仲町,秋田,10,１Ｋ,25,,,,昭和62年,鉄骨造,住宅,住宅,,,,第２種住居地域,60.0,200.0,2016年第２四半期,未改装,,6.176091259055681
5003214,中古マンション等,,5201,秋田県,秋田市,中通,秋田,14,３ＬＤＫ,75,,,,平成15年,ＲＣ,住宅,住宅,,,,商業地域,80.0,600.0,2017年第１四半期,改装済,,7.414973347970818
5001860,中古マンション等,,5201,秋田県,秋田市,山王,秋田,30分?60分,３ＬＤＫ,110,,,,平成2年,ＳＲＣ,住宅,住宅,,,,商業地域,80.0,500.0,2015年第４四半期,未改装,,7.431363764158987
5021481,中古マンション等,,5201,秋田県,秋田市,山王,秋田,30分?60分,１ＤＫ,30,,,,平成3年,ＳＲＣ,住宅,,,,,商業地域,80.0,400.0,2012年第３四半期,未改装,,6.544068044350276
5003948,中古マンション等,,5201,秋田県,秋田市,広面,秋田,29,３ＬＤＫ,65,,,,平成16年,ＲＣ,住宅,住宅,,,,第２種住居地域,60.0,200.0,2015年第１四半期,改装済,,7.2552725051033065
5004002,中古マンション等,,5201,秋田県,秋田市,保戸野中町,秋田,16,２ＤＫ,60,,,,平成16年,ＳＲＣ,住宅,その他,,,,近隣商業地域,80.0,200.0,2016年第４四半期,未改装,,6.698970004336019
5023337,中古マンション等,,5201,秋田県,秋田市,中通,秋田,14,３ＬＤＫ,70,,,,平成19年,ＲＣ,住宅,,,,,商業地域,80.0,400.0,2012年第４四半期,未改装,,7.278753600952829
5025990,中古マンション等,,5201,秋田県,秋田市,広面,秋田,30分?60分,２ＬＤＫ,55,,,,平成19年,ＲＣ,住宅,,,,,近隣商業地域,80.0,200.0,2008年第４四半期,未改装,,7.342422680822207
5018979,中古マンション等,,5201,秋田県,秋田市,八橋大畑,秋田,30分?60分,３ＬＤＫ,85,,,,平成19年,ＲＣ,住宅,,,,,準工業地域,60.0,200.0,2010年第２四半期,未改装,,7.301029995663981
5015335,中古マンション等,,5201,秋田県,秋田市,千秋矢留町,秋田,18,２ＤＫ,40,,,,昭和62年,ＳＲＣ,住宅,その他,,,,商業地域,80.0,400.0,2014年第２四半期,未改装,,6.778151250383644
5024672,中古マンション等,,5201,秋田県,秋田市,八橋大畑,秋田,30分?60分,４ＬＤＫ,70,,,,平成4年,ＲＣ,住宅,,,,,準工業地域,60.0,200.0,2012年第３四半期,未改装,,6.690196080028514
5027190,中古マンション等,,5201,秋田県,秋田市,中通,秋田,14,３ＬＤＫ,80,,,,平成19年,ＲＣ,住宅,,,,,商業地域,80.0,400.0,2009年第３四半期,未改装,,7.278753600952829
5003907,中古マンション等,,5201,秋田県,秋田市,広面,秋田,30分?60分,３ＬＤＫ,70,,,,平成12年,ＲＣ,住宅,住宅,,,,近隣商業地域,80.0,200.0,2016年第１四半期,未改装,,7.113943352306837
5025998,中古マンション等,,5201,秋田県,秋田市,広面,秋田,30分?60分,３ＬＤＫ,65,,,,平成19年,ＲＣ,住宅,,,,,近隣商業地域,80.0,200.0,2008年第４四半期,未改装,,7.3979400086720375
5001063,中古マンション等,,5201,秋田県,秋田市,大町,秋田,20,４ＬＤＫ,90,,,,平成14年,ＳＲＣ,住宅,住宅,,,,商業地域,80.0,500.0,2017年第３四半期,未改装,,7.278753600952829
5001828,中古マンション等,,5201,秋田県,秋田市,山王,秋田,30分?60分,２ＤＫ,50,,,,平成2年,ＳＲＣ,住宅,,,,,商業地域,80.0,500.0,2017年第３四半期,未改装,,6.812913356642856
5004090,中古マンション等,,5201,秋田県,秋田市,南通築地,秋田,9,２ＬＤＫ,60,,,,平成2年,ＳＲＣ,住宅,住宅,,,,商業地域,80.0,400.0,2017年第２四半期,改装済,,6.919078092376074
5000687,中古マンション等,,5201,秋田県,秋田市,泉中央,秋田,30分?60分,３ＬＤＫ,70,,,,平成18年,ＲＣ,住宅,住宅,,,,第１種住居地域,60.0,200.0,2017年第４四半期,未改装,,7.2552725051033065
5001087,中古マンション等,,5201,秋田県,秋田市,大町,秋田,19,４ＬＤＫ,95,,,,平成14年,ＳＲＣ,住宅,住宅,,,,商業地域,80.0,500.0,2015年第２四半期,未改装,,7.380211241711606
5001836,中古マンション等,,5201,秋田県,秋田市,山王,秋田,30分?60分,１Ｋ,20,,,,平成5年,ＳＲＣ,住宅,その他,,,,商業地域,80.0,400.0,2017年第１四半期,未改装,,6.301029995663981
5001067,中古マンション等,,5201,秋田県,秋田市,大町,秋田,20,２ＬＤＫ,45,,,,平成2年,ＳＲＣ,住宅,住宅,,,,商業地域,80.0,400.0,2017年第１四半期,未改装,,6.919078092376074
5001081,中古マンション等,,5201,秋田県,秋田市,大町,秋田,20,３ＬＤＫ,65,,,,平成2年,ＳＲＣ,住宅,住宅,,,,商業地域,80.0,400.0,2015年第４四半期,未改装,,7.041392685158225
5017765,中古マンション等,,5201,秋田県,秋田市,中通,秋田,15,１ＤＫ,55,,,,昭和63年,ＳＲＣ,住宅,,,,,商業地域,80.0,400.0,2010年第１四半期,未改装,,6.845098040014257
5022644,中古マンション等,,5201,秋田県,秋田市,千秋矢留町,秋田,19,２ＤＫ,40,,,,平成3年,ＳＲＣ,住宅,,,,,商業地域,80.0,400.0,2013年第３四半期,未改装,,6.653212513775344
5003185,中古マンション等,,5201,秋田県,秋田市,中通,秋田,9,２ＬＤＫ,60,,,,平成14年,ＳＲＣ,住宅,住宅,,,,商業地域,80.0,400.0,2018年第２四半期,未改装,,7.278753600952829
5002289,中古マンション等,,5201,秋田県,秋田市,千秋矢留町,秋田,15,２ＬＤＫ,60,,,,昭和62年,ＳＲＣ,住宅,住宅,,,,商業地域,80.0,400.0,2015年第３四半期,未改装,,7.176091259055681
5023357,中古マンション等,,5201,秋田県,秋田市,中通,秋田,12,３ＬＤＫ,75,,,,平成15年,ＳＲＣ,住宅,,,,,商業地域,80.0,400.0,2012年第２四半期,改装済,,7.278753600952829
5002260,中古マンション等,,5201,秋田県,秋田市,千秋矢留町,秋田,20,２ＤＫ,50,,,,昭和64年,ＳＲＣ,住宅,住宅,,,,商業地域,80.0,400.0,2018年第３四半期,未改装,,6.681241237375588
5022993,中古マンション等,,5201,秋田県,秋田市,新屋豊町,秋田,30分?60分,３ＬＤＫ,85,,,,平成13年,ＲＣ,住宅,,,,,工業地域,60.0,200.0,2009年第１四半期,未改装,,7.176091259055681
5001866,中古マンション等,,5201,秋田県,秋田市,山王,秋田,30分?60分,３ＬＤＫ,80,,,,平成23年,ＲＣ,住宅,住宅,,,,近隣商業地域,80.0,200.0,2015年第３四半期,,,7.431363764158987
5016251,中古マンション等,,5201,秋田県,秋田市,千秋矢留町,秋田,15,１ＬＤＫ,55,,,,昭和62年,ＳＲＣ,住宅,,,,,商業地域,80.0,400.0,2010年第２四半期,未改装,,6.812913356642856
5002267,中古マンション等,,5201,秋田県,秋田市,千秋矢留町,秋田,18,１Ｒ,15,,,,昭和63年,ＳＲＣ,住宅,住宅,,,,商業地域,80.0,400.0,2017年第４四半期,未改装,,5.954242509439325
5001037,中古マンション等,,5201,秋田県,秋田市,大町,秋田,21,３ＬＤＫ,65,,,,昭和64年,ＳＲＣ,住宅,住宅,,,,商業地域,80.0,400.0,2018年第４四半期,未改装,,6.698970004336019
5024613,中古マンション等,,5201,秋田県,秋田市,手形,秋田,4,４ＬＤＫ,85,,,,平成19年,ＲＣ,住宅,,,,,商業地域,80.0,400.0,2008年第４四半期,未改装,,7.380211241711606
5022452,中古マンション等,,5201,秋田県,秋田市,川元山下町,秋田,30分?60分,３ＬＤＫ,65,,,,平成2年,ＲＣ,住宅,,,,,第１種住居地域,60.0,200.0,2008年第１四半期,未改装,,7.0
5015333,中古マンション等,,5201,秋田県,秋田市,千秋矢留町,秋田,19,２ＤＫ,40,,,,平成3年,ＳＲＣ,住宅,その他,,,,商業地域,80.0,400.0,2014年第２四半期,未改装,,6.740362689494244
5021470,中古マンション等,,5201,秋田県,秋田市,山王,秋田,29,２ＬＤＫ,110,,,,平成2年,ＳＲＣ,住宅,,,,,商業地域,80.0,500.0,2012年第４四半期,改装済,,7.431363764158987
5016666,中古マンション等,,5201,秋田県,秋田市,中通,秋田,6,３ＤＫ,55,,,,昭和64年,ＳＲＣ,住宅,住宅,,,,商業地域,80.0,400.0,2014年第４四半期,改装済,,6.845098040014257
5003174,中古マンション等,,5201,秋田県,秋田市,中通,秋田,11,３ＬＤＫ,65,,,,昭和61年,ＳＲＣ,住宅,住宅,,,,商業地域,80.0,500.0,2019年第１四半期,未改装,,6.880813592280791
5015329,中古マンション等,,5201,秋田県,秋田市,千秋矢留町,秋田,18,１Ｋ,15,,,,昭和63年,ＳＲＣ,住宅,その他,,,,商業地域,80.0,400.0,2014年第２四半期,未改装,,6.146128035678238
5022142,中古マンション等,,5201,秋田県,秋田市,山王沼田町,秋田,30分?60分,４ＬＤＫ,95,,,,平成16年,ＲＣ,住宅,,,,,第１種住居地域,60.0,200.0,2013年第２四半期,未改装,,7.3979400086720375
5023737,中古マンション等,,5201,秋田県,秋田市,千秋矢留町,秋田,18,３ＬＤＫ,45,,,,昭和64年,ＳＲＣ,住宅,,,,,商業地域,80.0,400.0,2008年第３四半期,改装済,,6.880813592280791
5016680,中古マンション等,,5201,秋田県,秋田市,中通,秋田,12,３ＬＤＫ,60,,,,昭和63年,ＳＲＣ,住宅,,,,,商業地域,80.0,600.0,2014年第３四半期,未改装,,6.903089986991944
5003262,中古マンション等,,5201,秋田県,秋田市,中通,秋田,6,２ＤＫ,45,,,,昭和64年,ＳＲＣ,住宅,住宅,,,,商業地域,80.0,400.0,2015年第１四半期,改装済,,6.8061799739838875
5023573,中古マンション等,,5201,秋田県,秋田市,手形,秋田,6,３ＬＤＫ,70,,,,平成19年,ＲＣ,住宅,,,,,第２種住居地域,60.0,200.0,2013年第１四半期,改装済,,7.342422680822207
5003169,中古マンション等,,5201,秋田県,秋田市,中通,秋田,13,３ＬＤＫ,70,,,,平成15年,ＲＣ,,住宅,,,,商業地域,80.0,600.0,2019年第２四半期,未改装,,7.380211241711606
5001861,中古マンション等,,5201,秋田県,秋田市,山王,秋田,30分?60分,１ＤＫ,30,,,,平成3年,ＳＲＣ,住宅,住宅,,,,商業地域,80.0,400.0,2015年第４四半期,未改装,,6.431363764158987
5026731,中古マンション等,,5201,秋田県,秋田市,手形,秋田,4,２ＤＫ,70,,,,平成19年,ＲＣ,住宅,,,,,商業地域,80.0,400.0,2009年第１四半期,未改装,,7.3979400086720375
5026039,中古マンション等,,5201,秋田県,秋田市,広面,秋田,29,３ＬＤＫ,65,,,,平成16年,ＲＣ,住宅,,,,,第２種住居地域,60.0,200.0,2008年第１四半期,改装済,,7.230448921378274
5002854,中古マンション等,,5201,秋田県,秋田市,手形,秋田,11,３ＬＤＫ,80,,,,平成18年,ＲＣ,住宅,住宅,,,,第２種中高層住居専用地域,60.0,200.0,2017年第３四半期,未改装,,7.447158031342219
5023209,中古マンション等,,5201,秋田県,秋田市,山王中園町,秋田,30分?60分,３ＬＤＫ,60,,,,昭和61年,ＲＣ,住宅,,,,,第１種住居地域,60.0,200.0,2007年第４四半期,未改装,調停・競売等,6.414973347970818
5004086,中古マンション等,,5201,秋田県,秋田市,南通築地,秋田,9,３ＬＤＫ,55,,,,平成2年,ＳＲＣ,住宅,住宅,,,,商業地域,80.0,400.0,2017年第４四半期,未改装,,6.929418925714293
5022638,中古マンション等,,5201,秋田県,秋田市,千秋矢留町,秋田,18,１Ｒ,15,,,,昭和63年,ＳＲＣ,住宅,,,,,商業地域,80.0,400.0,2013年第４四半期,未改装,,6.0
5015909,中古マンション等,,5201,秋田県,秋田市,土崎港中央,土崎,8,オープンフロア,60,,,,昭和63年,鉄骨造,店舗,店舗,,,,商業地域,80.0,400.0,2014年第４四半期,未改装,,6.0
5003215,中古マンション等,,5201,秋田県,秋田市,中通,秋田,14,３ＬＤＫ,75,,,,平成14年,ＳＲＣ,住宅,住宅,,,,商業地域,80.0,500.0,2017年第１四半期,,,7.278753600952829
5024485,中古マンション等,,5201,秋田県,秋田市,南通築地,秋田,8,３ＬＤＫ,65,,,,平成2年,ＳＲＣ,住宅,,,,,商業地域,80.0,400.0,2012年第３四半期,未改装,,6.9344984512435675
5002284,中古マンション等,,5201,秋田県,秋田市,千秋矢留町,秋田,18,１Ｒ,15,,,,昭和63年,ＳＲＣ,住宅,住宅,,,,商業地域,80.0,400.0,2015年第４四半期,改装済,,6.3979400086720375
5002268,中古マンション等,,5201,秋田県,秋田市,千秋矢留町,秋田,18,２Ｋ＋Ｓ,45,,,,昭和64年,ＳＲＣ,住宅,住宅,,,,商業地域,80.0,400.0,2017年第４四半期,改装済,,6.812913356642856
5026509,中古マンション等,,5201,秋田県,秋田市,八橋大畑,秋田,30分?60分,４ＬＤＫ,95,,,,平成19年,ＲＣ,住宅,,,,,準工業地域,60.0,200.0,2008年第４四半期,未改装,,7.3979400086720375
5001093,中古マンション等,,5201,秋田県,秋田市,大町,秋田,20,３ＬＤＫ,85,,,,昭和58年,ＳＲＣ,住宅,住宅,,,,商業地域,80.0,500.0,2015年第１四半期,改装済,,7.447158031342219
5004206,中古マンション等,,5201,秋田県,秋田市,八橋大畑,秋田,30分?60分,２ＬＤＫ,60,,,,平成4年,ＲＣ,,住宅,,,,準工業地域,60.0,200.0,2019年第４四半期,未改装,,6.863322860120456
5003176,中古マンション等,,5201,秋田県,秋田市,中通,秋田,13,３ＬＤＫ,70,,,,平成15年,ＳＲＣ,住宅,住宅,,,,商業地域,80.0,400.0,2018年第４四半期,未改装,,7.2552725051033065
5001834,中古マンション等,,5201,秋田県,秋田市,山王,秋田,30分?60分,１ＤＫ,30,,,,平成3年,ＳＲＣ,住宅,住宅,,,,商業地域,80.0,400.0,2017年第１四半期,未改装,,6.477121254719663
5024032,中古マンション等,,5201,秋田県,秋田市,中通,秋田,14,１Ｋ,25,,,,昭和49年,ＳＲＣ,住宅,,,,,商業地域,80.0,500.0,2013年第４四半期,未改装,,6.146128035678238
5022655,中古マンション等,,5201,秋田県,秋田市,千秋矢留町,秋田,20,４ＬＤＫ,85,,,,平成9年,ＳＲＣ,住宅,,,,,商業地域,80.0,400.0,2013年第３四半期,未改装,,7.2552725051033065
5023738,中古マンション等,,5201,秋田県,秋田市,千秋矢留町,秋田,18,１Ｒ,15,,,,昭和63年,ＳＲＣ,住宅,,,,,商業地域,80.0,400.0,2008年第２四半期,未改装,,6.301029995663981
5017257,中古マンション等,,5201,秋田県,秋田市,新屋豊町,秋田,30分?60分,４ＬＤＫ,95,,,,平成13年,ＲＣ,住宅,,,,,準工業地域,60.0,200.0,2011年第４四半期,改装済,,7.230448921378274
5001857,中古マンション等,,5201,秋田県,秋田市,山王,秋田,30分?60分,４ＬＤＫ,90,,,,平成14年,ＳＲＣ,住宅,住宅,,,,商業地域,80.0,500.0,2015年第４四半期,改装済,,7.3979400086720375
5001831,中古マンション等,,5201,秋田県,秋田市,山王,秋田,30分?60分,１Ｋ,20,,,,平成5年,ＳＲＣ,住宅,住宅,,,,商業地域,80.0,400.0,2017年第２四半期,,,6.361727836017593
5018314,中古マンション等,,5201,秋田県,秋田市,大町,秋田,20,４ＬＤＫ,80,,,,昭和62年,ＳＲＣ,住宅,,,,,商業地域,80.0,400.0,2011年第１四半期,未改装,,6.740362689494244
5002256,中古マンション等,,5201,秋田県,秋田市,千秋矢留町,秋田,15,３ＬＤＫ,60,,,,昭和62年,ＳＲＣ,住宅,住宅,,,,商業地域,80.0,400.0,2019年第３四半期,改装済,,7.204119982655925
5004122,中古マンション等,,5201,秋田県,秋田市,南通宮田,秋田,16,２ＬＤＫ,55,,,,平成3年,ＲＣ,住宅,住宅,,,,第１種中高層住居専用地域,60.0,200.0,2016年第１四半期,改装済,,7.079181246047625
5026319,中古マンション等,,5201,秋田県,秋田市,南通築地,秋田,8,３ＬＤＫ,65,,,,平成2年,ＳＲＣ,住宅,,,,,商業地域,80.0,400.0,2007年第２四半期,未改装,調停・競売等,6.973127853599698
5018977,中古マンション等,,5201,秋田県,秋田市,八橋大畑,秋田,30分?60分,３ＬＤＫ,70,,,,平成4年,ＲＣ,住宅,,,,,準工業地域,60.0,200.0,2010年第４四半期,未改装,,6.845098040014257
5001086,中古マンション等,,5201,秋田県,秋田市,大町,秋田,21,１ＬＤＫ,45,,,,平成2年,ＳＲＣ,住宅,住宅,,,,商業地域,80.0,400.0,2015年第３四半期,改装済,,6.954242509439325
5023752,中古マンション等,,5201,秋田県,秋田市,千秋矢留町,秋田,21,３ＬＤＫ,60,,,,昭和64年,ＳＲＣ,住宅,,,,,商業地域,80.0,400.0,2007年第４四半期,未改装,,7.041392685158225
5016682,中古マンション等,,5201,秋田県,秋田市,中通,秋田,14,１ＬＤＫ,50,,,,昭和49年,ＳＲＣ,住宅,住宅,,,,商業地域,80.0,500.0,2014年第３四半期,未改装,,6.2552725051033065
5012851,中古マンション等,,5201,秋田県,秋田市,泉,秋田,30分?60分,,35,,,,平成20年,ＲＣ,住宅,,,,,準工業地域,60.0,200.0,2014年第４四半期,未改装,,6.963787827345556
5003882,中古マンション等,,5201,秋田県,秋田市,広面,秋田,30分?60分,３ＬＤＫ,70,,,,平成19年,ＲＣ,住宅,住宅,,,,近隣商業地域,80.0,200.0,2017年第１四半期,未改装,,7.342422680822207
5020127,中古マンション等,,5201,秋田県,秋田市,楢山登町,秋田,26,４ＬＤＫ,90,,,,平成14年,ＲＣ,住宅,,,,,近隣商業地域,80.0,200.0,2011年第３四半期,改装済,,7.301029995663981
5022090,中古マンション等,,5201,秋田県,秋田市,山王,秋田,29,２ＬＤＫ,55,,,,平成2年,ＳＲＣ,住宅,,,,,商業地域,80.0,500.0,2013年第２四半期,未改装,,6.968482948553935
5001492,中古マンション等,,5201,秋田県,秋田市,旭南,秋田,30分?60分,１ＤＫ,65,,,,平成18年,ＲＣ,住宅,住宅,,,,準工業地域,60.0,200.0,2016年第３四半期,未改装,,7.176091259055681
5025999,中古マンション等,,5201,秋田県,秋田市,広面,秋田,30分?60分,３ＬＤＫ,60,,,,平成19年,ＲＣ,住宅,,,,,近隣商業地域,80.0,200.0,2008年第４四半期,未改装,,7.361727836017593
5002265,中古マンション等,,5201,秋田県,秋田市,千秋矢留町,秋田,20,２ＬＤＫ,50,,,,昭和64年,ＳＲＣ,住宅,住宅,,,,商業地域,80.0,400.0,2018年第１四半期,改装済,,6.653212513775344
5001049,中古マンション等,,5201,秋田県,秋田市,大町,秋田,30分?60分,２ＬＤＫ,50,,,,平成2年,ＲＣ,住宅,住宅,,,,商業地域,80.0,400.0,2018年第２四半期,改装済,,6.633468455579586
5019393,中古マンション等,,5201,秋田県,秋田市,千秋矢留町,秋田,21,３ＬＤＫ,65,,,,昭和62年,ＳＲＣ,住宅,,,,,商業地域,80.0,400.0,2011年第３四半期,改装済,,6.913813852383717
5021087,中古マンション等,,5201,秋田県,秋田市,大町,秋田,21,４ＬＤＫ,90,,,,平成10年,ＳＲＣ,住宅,,,,,商業地域,80.0,400.0,2013年第１四半期,未改装,,7.2552725051033065
5025094,中古マンション等,,5201,秋田県,秋田市,中通,秋田,6,４ＬＤＫ,75,,,,昭和64年,ＳＲＣ,住宅,,,,,商業地域,80.0,400.0,2008年第３四半期,未改装,,6.968482948553935
5002292,中古マンション等,,5201,秋田県,秋田市,千秋矢留町,秋田,18,３ＬＤＫ＋Ｓ,75,,,,昭和64年,ＳＲＣ,住宅,住宅,,,,商業地域,80.0,400.0,2015年第３四半期,改装済,,7.0
5003236,中古マンション等,,5201,秋田県,秋田市,中通,秋田,14,１Ｒ,25,,,,昭和49年,ＳＲＣ,住宅,住宅,,,,商業地域,80.0,500.0,2016年第２四半期,未改装,,6.0
5025996,中古マンション等,,5201,秋田県,秋田市,広面,秋田,30分?60分,３ＬＤＫ,65,,,,平成19年,ＲＣ,住宅,,,,,近隣商業地域,80.0,200.0,2008年第４四半期,未改装,,7.414973347970818
5022062,中古マンション等,,5201,秋田県,秋田市,山王,秋田,29,１ＤＫ,35,,,,平成2年,ＳＲＣ,住宅,,,,,商業地域,80.0,500.0,2013年第４四半期,改装済,,6.778151250383644
5022064,中古マンション等,,5201,秋田県,秋田市,山王,秋田,30分?60分,１ＤＫ,25,,,,平成3年,ＳＲＣ,住宅,,,,,商業地域,80.0,400.0,2013年第４四半期,改装済,,6.556302500767288
5024040,中古マンション等,,5201,秋田県,秋田市,中通,秋田,14,３ＬＤＫ,70,,,,平成15年,ＲＣ,住宅,,,,,商業地域,80.0,600.0,2013年第３四半期,未改装,,7.380211241711606
5025387,中古マンション等,,5201,秋田県,秋田市,八橋大畑,秋田,30分?60分,３ＬＤＫ,70,,,,平成4年,ＲＣ,住宅,,,,,準工業地域,60.0,200.0,2013年第３四半期,改装済,,6.939519252618618
5003745,中古マンション等,,5201,秋田県,秋田市,東通仲町,秋田,10,１Ｋ,25,,,,昭和62年,鉄骨造,,住宅,,,,第２種住居地域,60.0,200.0,2018年第１四半期,未改装,,6.57978359661681
5004009,中古マンション等,,5201,秋田県,秋田市,保戸野中町,秋田,16,３ＬＤＫ,70,,,,平成16年,ＳＲＣ,住宅,住宅,,,,近隣商業地域,80.0,200.0,2015年第１四半期,未改装,,7.301029995663981
5018243,中古マンション等,,5201,秋田県,秋田市,八橋大畑,秋田,30分?60分,４ＬＤＫ,70,,,,平成4年,ＲＣ,住宅,,,,,準工業地域,60.0,200.0,2014年第１四半期,未改装,,6.6020599913279625
5002288,中古マンション等,,5201,秋田県,秋田市,千秋矢留町,秋田,20,３ＬＤＫ,65,,,,昭和64年,ＳＲＣ,住宅,住宅,,,,商業地域,80.0,400.0,2015年第４四半期,未改装,,7.079181246047625
5024479,中古マンション等,,5201,秋田県,秋田市,南通築地,秋田,8,３ＬＤＫ,65,,,,平成2年,ＳＲＣ,住宅,,,,,商業地域,80.0,400.0,2012年第４四半期,未改装,調停・競売等,6.944482672150168
5002908,中古マンション等,,5201,秋田県,秋田市,手形,秋田,4,４ＬＤＫ,80,,,,平成19年,ＲＣ,住宅,住宅,,,,商業地域,80.0,400.0,2015年第１四半期,未改装,,7.3979400086720375
5001867,中古マンション等,,5201,秋田県,秋田市,山王,秋田,30分?60分,１Ｋ,20,,,,平成5年,ＳＲＣ,住宅,住宅,,,,商業地域,80.0,400.0,2015年第３四半期,未改装,,6.2552725051033065
5018984,中古マンション等,,5201,秋田県,秋田市,八橋大畑,秋田,30分?60分,２ＬＤＫ,60,,,,平成4年,ＲＣ,住宅,,,,,準工業地域,60.0,200.0,2010年第１四半期,未改装,,6.826074802700826
5018389,中古マンション等,,5201,秋田県,秋田市,八橋三和町,秋田,30分?60分,４ＬＤＫ,90,,,,平成14年,ＳＲＣ,住宅,,,,,第２種中高層住居専用地域,60.0,200.0,2014年第１四半期,未改装,,7.342422680822207
5025702,中古マンション等,,5201,秋田県,秋田市,千秋矢留町,秋田,18,１Ｒ,15,,,,昭和63年,ＳＲＣ,住宅,,,,,商業地域,80.0,400.0,2009年第１四半期,未改装,,6.176091259055681
5001808,中古マンション等,,5201,秋田県,秋田市,山王,秋田,30分?60分,４ＬＤＫ,90,,,,平成14年,ＳＲＣ,住宅,住宅,,,,商業地域,80.0,500.0,2019年第１四半期,未改装,,7.301029995663981
5022019,中古マンション等,,5201,秋田県,秋田市,千秋矢留町,秋田,21,３ＬＤＫ,85,,,,平成19年,ＲＣ,住宅,,,,,商業地域,80.0,400.0,2012年第３四半期,改装済,,7.361727836017593
5025096,中古マンション等,,5201,秋田県,秋田市,中通,秋田,16,２Ｋ,35,,,,昭和55年,ＳＲＣ,住宅,,,,,商業地域,80.0,500.0,2008年第３四半期,未改装,,6.568201724066995
5027210,中古マンション等,,5201,秋田県,秋田市,中通,秋田,11,１ＬＤＫ,50,,,,平成15年,ＲＣ,住宅,,,,,商業地域,80.0,600.0,2009年第１四半期,未改装,,6.986771734266245
5002897,中古マンション等,,5201,秋田県,秋田市,手形,秋田,11,４ＬＤＫ,80,,,,平成18年,ＲＣ,住宅,住宅,,,,第２種中高層住居専用地域,60.0,200.0,2015年第３四半期,未改装,,7.3222192947339195
5001843,中古マンション等,,5201,秋田県,秋田市,山王,秋田,30分?60分,３ＬＤＫ,65,,,,平成23年,ＲＣ,住宅,住宅,,,,近隣商業地域,80.0,200.0,2016年第４四半期,未改装,,7.301029995663981
5022091,中古マンション等,,5201,秋田県,秋田市,山王,秋田,30分?60分,２ＬＤＫ,60,,,,平成18年,ＲＣ,住宅,,,,,商業地域,80.0,400.0,2013年第２四半期,未改装,,7.2552725051033065
5020076,中古マンション等,,5201,秋田県,秋田市,中通,秋田,13,２ＤＫ,50,,,,昭和49年,ＳＲＣ,住宅,,,,,商業地域,80.0,500.0,2011年第２四半期,未改装,,6.544068044350276
5025691,中古マンション等,,5201,秋田県,秋田市,千秋矢留町,秋田,18,１Ｋ,15,,,,昭和63年,ＳＲＣ,住宅,,,,,商業地域,80.0,400.0,2009年第２四半期,未改装,,6.204119982655925
5004100,中古マンション等,,5201,秋田県,秋田市,南通築地,秋田,9,４ＬＤＫ,80,,,,平成3年,ＳＲＣ,住宅,住宅,,,,商業地域,80.0,400.0,2015年第４四半期,改装済,,7.176091259055681
5016948,中古マンション等,,5201,秋田県,秋田市,土崎港中央,,,２ＬＤＫ,45,,,,昭和63年,鉄骨造,住宅,,,,,,,,2010年第３四半期,未改装,,6.653212513775344
5023390,中古マンション等,,5201,秋田県,秋田市,中通,秋田,18,１Ｋ,20,,,,昭和59年,ＳＲＣ,住宅,,,,,商業地域,80.0,500.0,2012年第１四半期,未改装,,5.6020599913279625
5019797,中古マンション等,,5203,秋田県,横手市,駅前町,横手,3,３ＬＤＫ,70,,,,平成22年,ＲＣ,住宅,,,,,商業地域,80.0,400.0,2010年第１四半期,,,7.361727836017593
5001806,中古マンション等,,5201,秋田県,秋田市,山王,秋田,30分?60分,１Ｒ,20,,,,平成5年,ＳＲＣ,住宅,住宅,,,,商業地域,80.0,400.0,2019年第１四半期,未改装,調停・競売等,6.204119982655925
5023386,中古マンション等,,5201,秋田県,秋田市,中通,秋田,11,３ＬＤＫ,65,,,,昭和61年,ＳＲＣ,住宅,,,,,商業地域,80.0,500.0,2012年第１四半期,未改装,,6.913813852383717
5027220,中古マンション等,,5201,秋田県,秋田市,中通,秋田,14,３ＬＤＫ,80,,,,平成19年,ＲＣ,住宅,,,,,商業地域,80.0,400.0,2009年第１四半期,未改装,,7.477121254719663
5003909,中古マンション等,,5201,秋田県,秋田市,広面,秋田,30分?60分,２ＬＤＫ,65,,,,平成21年,ＲＣ,住宅,住宅,,,,第１種住居地域,60.0,200.0,2016年第１四半期,改装済,,7.380211241711606
5026312,中古マンション等,,5201,秋田県,秋田市,南通築地,秋田,8,２ＬＤＫ,50,,,,平成2年,ＳＲＣ,住宅,,,,,商業地域,80.0,400.0,2008年第４四半期,改装済,,6.8750612633917
5000642,中古マンション等,,5201,秋田県,秋田市,泉北,秋田,30分?60分,３ＬＤＫ,55,,,,平成17年,ＲＣ,住宅,住宅,,,,第１種住居地域,60.0,200.0,2015年第１四半期,未改装,,7.301029995663981
5014721,中古マンション等,,5201,秋田県,秋田市,山王,秋田,30分?60分,３ＬＤＫ,80,,,,平成23年,ＲＣ,住宅,,,,,近隣商業地域,80.0,200.0,2014年第１四半期,,,7.462397997898956
5025697,中古マンション等,,5201,秋田県,秋田市,千秋矢留町,秋田,25,２ＬＤＫ,50,,,,昭和64年,ＳＲＣ,住宅,,,,,商業地域,80.0,400.0,2009年第１四半期,未改装,,6.8750612633917
5003162,中古マンション等,,5201,秋田県,秋田市,中通,秋田,14,３ＬＤＫ,75,,,,平成19年,ＲＣ,住宅,住宅,,,,商業地域,80.0,400.0,2019年第３四半期,改装済,,7.278753600952829
5023960,中古マンション等,,5201,秋田県,秋田市,大町,秋田,25,３ＬＤＫ,60,,,,平成9年,ＳＲＣ,住宅,,,,,商業地域,80.0,400.0,2009年第２四半期,未改装,調停・競売等,6.633468455579586
5022635,中古マンション等,,5201,秋田県,秋田市,千秋矢留町,秋田,19,２ＬＤＫ,50,,,,平成3年,ＳＲＣ,住宅,,,,,商業地域,80.0,400.0,2013年第４四半期,改装済,,6.939519252618618
5025111,中古マンション等,,5201,秋田県,秋田市,中通,秋田,14,４ＬＤＫ,85,,,,平成14年,ＳＲＣ,住宅,,,,,商業地域,80.0,500.0,2008年第１四半期,未改装,,7.301029995663981
